instID,church_type,instName,language,instNote,placeName,region,county_orig,county_reg,city_orig,city_reg,state_orig,state_reg,latitude,longitude,attendingInstID,attendingChurch,attendingChurchFrequency,persID,persTitle,persName,persSuffix,persRole,persNote,memberType,member,affiliated,order,year,attendingPersID,attendingChurchNote,diocese,diocese_reg
﻿gre.wi.0001,﻿cathedral,﻿St. Mary's,English,﻿temporary Cathedral,,,,﻿Brown County,﻿City of Green Bay,﻿Green Bay,﻿WI,,,,,,,﻿melcher_001,﻿Rt. Rev.,﻿Joseph Melcher,﻿D.D.,,,,,,,1869,﻿,﻿,﻿Green Bay,GreenBay
﻿gre.wi.0001,﻿cathedral,﻿St. Mary's,English,﻿temporary Cathedral,,,,﻿Brown County,﻿City of Green Bay,﻿Green Bay,﻿WI,,,,,,,﻿f_x_pfaller_001,﻿Rev.,﻿F. X. Pfaller,,,,,,,,1869,﻿,﻿,﻿Green Bay,GreenBay
﻿gre.wi.0002,﻿church,﻿St. John's,﻿French,,,,,﻿Brown County,﻿City of Green Bay,﻿Green Bay,﻿WI,,,,,,,﻿h_hoffen_001,﻿Rev.,﻿Hippolite Hoffen,,,,,,,,1869,﻿,﻿,﻿Green Bay,GreenBay
﻿gre.wi.0003,﻿church,﻿St. Willibrod's,﻿Dutch,,,,,﻿Brown County,﻿City of Green Bay,﻿Green Bay,﻿WI,,,,,,,﻿h_hoffen_001,﻿Rev.,﻿Hippolite Hoffen,,,,,,,,1869,﻿,﻿,﻿Green Bay,GreenBay
﻿gre.wi.0004,﻿church,﻿St. Patrick's,English,,﻿Fort Howard,,,﻿Brown County,﻿City of Green Bay,﻿Green Bay,﻿WI,,,,,,,﻿f_mcdonnell_001,﻿Rev.,﻿F. McDonnell,,,,,,,,1869,﻿,﻿,﻿Green Bay,GreenBay
﻿gre.wi.0005,﻿church,﻿St. Mary's,English,,,,﻿Outagamie County,﻿Outagamie County,﻿Appleton,﻿Appleton,﻿WI,,,,,,,﻿e_walsh_001,﻿Rev.,﻿Ed. Walsh,,,,,,,,1869,﻿,﻿,﻿Green Bay,GreenBay
﻿gre.wi.0006,﻿church,not recorded,English,﻿Church not yet dedicated,,,,﻿Outagamie County,﻿Appleton,﻿Appleton,﻿WI,,,,﻿gre.wi.0018,﻿visted from Menasha,,,,,,,,,,,,1869,﻿,﻿,﻿Green Bay,GreenBay
﻿gre.wi.0008,﻿church,﻿St. Augustin's,English,,,,﻿Calumet County,﻿Calumet County,﻿Chilton,﻿Chilton,﻿WI,,,,,,,﻿fra_c_shraudenback_001,﻿Rev.,﻿Francis C. Shraudenback,,,,,,,,1869,﻿,﻿,﻿Green Bay,GreenBay
﻿gre.wi.0009,﻿church,﻿St. Francis Xavier's,English,,,,﻿Brown County,﻿Brown County,﻿De Pere,﻿De Pere,﻿WI,,,,,,,﻿w_a_verboort_001,﻿Rev.,﻿W. A. Verboort,,,,,,,,1869,﻿,﻿,﻿Green Bay,GreenBay
﻿gre.wi.0010,﻿church,﻿St. Nicolas',English,,,,﻿Outagamie County,﻿Outagamie County,﻿Freedom,﻿Freedom,﻿WI,,,,,,,﻿w_wilkens_001,﻿Rev.,﻿W. Wilkens,,,,,,,,1869,﻿,﻿,﻿Green Bay,GreenBay
﻿gre.wi.0011,﻿church,﻿Holy Cross,English,,,,﻿Wood County,﻿Wood County,﻿Grand Rapids,﻿Grand Rapids,﻿WI,,,,,,,﻿f_gleeson_001,﻿Rev.,﻿F. Gleeson,,,,,,,,1869,﻿,﻿,﻿Green Bay,GreenBay
﻿gre.wi.0013,﻿church,﻿St. Francis',English,,,,﻿Brown County,﻿Brown County,﻿Hollandtown,﻿Hollandtown,﻿WI,,,,,,,﻿b_de-goey_001,﻿Rev.,﻿Bonventura de Goey,,,,,,,,1869,﻿,﻿,﻿Green Bay,GreenBay
﻿gre.wi.0014,﻿church,﻿St. Michael's,English,,﻿Mission of the Menominee tribe,,﻿Shawano County,﻿Menominee County,﻿Keshina,﻿Keshena,﻿WI,,,,,,,﻿caj_krauthahn_001,﻿Rev.,﻿Caj. Krauthahn,﻿O.C.,,,,,,,1869,﻿,﻿,﻿Green Bay,GreenBay
﻿gre.wi.0015,﻿church,﻿Holy Rosary,English,,,,﻿Kewaunee County,﻿Kewaunee County,﻿Kewaunee,﻿Kewaunee,﻿WI,,,,,,,﻿j_maly_001,﻿Rev.,﻿Joseph Maly,,,,,,,,1869,﻿,﻿,﻿Green Bay,GreenBay
﻿gre.wi.0016,﻿church,﻿St. Ann's,English,,,,﻿Manitowoc County,﻿Manitowoc County,﻿Kossuth,﻿Kossuth,﻿WI,,,,,,,﻿e_henzler_001,﻿Rev.,﻿E. Henzler,,,,,,,,1869,﻿,﻿,﻿Green Bay,GreenBay
﻿gre.wi.0017,﻿church,﻿St. John Nep.,English,,,,﻿Outagamie County,﻿Outagamie County,﻿Little Chute,﻿Little Chute,﻿WI,,,,,,,﻿a_g_verberk_001,﻿Rev.,﻿A. G. Verberk,,,,,,,,1869,﻿,﻿,﻿Green Bay,GreenBay
﻿gre.wi.0018,﻿church,﻿St. Mary's,English,,,,﻿Winnebago County,﻿Winnebago County,﻿Menasha,﻿Menasha,﻿WI,,,,,,,﻿f_uhlemeyer_001,﻿Rev.,﻿F. Uhlemeyer,,,,,,,,1869,﻿,﻿,﻿Green Bay,GreenBay
﻿gre.wi.0020,﻿church,﻿St. Patrick's,English,,,,﻿Manitowoc County,﻿Manitowoc County,﻿Maple Grove,﻿Maple Grove,﻿WI,,,,,,,﻿w_mahony_001,﻿Rev.,﻿W. Mahony,,,,,,,,1869,﻿,﻿,﻿Green Bay,GreenBay
﻿gre.wi.0021,﻿church,﻿Gethsemane Church,English,,,,﻿Marquette County,﻿Marquette County,﻿Montella,﻿Montello,﻿WI,,,,,,,﻿m_monaghan_001,﻿Rev.,﻿M. Monaghan,,,,,,,,1869,﻿,﻿,﻿Green Bay,GreenBay
﻿gre.wi.0022,﻿church,﻿St. Kilian's,English,,,,﻿Brown County,﻿Brown County,﻿New Franken,﻿New Franken,﻿WI,,,,,,,﻿w_boden_001,﻿Rev.,﻿W. Boden,,,,,,,,1869,﻿,﻿,﻿Green Bay,GreenBay
﻿gre.wi.0024,﻿church,﻿St. Peter's,English,,,,﻿Oconto County,﻿Oconto County,﻿Oconto,﻿Oconto,﻿WI,,,,,,,﻿l_mazeaud_001,﻿Rev.,﻿L. Mazeaud,,,,,,,,1869,﻿,﻿,﻿Green Bay,GreenBay
﻿gre.wi.0025,﻿church,﻿St. Peter's,English,,,,﻿Winnebago County,﻿Winnebago County,﻿Oshkosh,﻿Oshkosh,﻿WI,,,,,,,﻿g_r_hermon_001,﻿Rev.,﻿G. R. Hermon,,,,,,,,1869,﻿,﻿,﻿Green Bay,GreenBay
﻿gre.wi.0026,﻿church,﻿St. Mary's,English,,,,﻿Winnebago County,﻿Winnebago County,﻿Oshkosh,﻿Oshkosh,﻿WI,,,,,,,﻿a_leitner_001,﻿Rev.,﻿A. Leitner,,,,,,,,1869,﻿,﻿,﻿Green Bay,GreenBay
﻿gre.wi.0027,﻿church,﻿Immaculate Conception,English,,,,﻿Columbia County,﻿Columbia County,﻿Portage City,﻿Portage,﻿WI,,,,,,,﻿tho_keenan_002,﻿Rev.,﻿Thomas Keenan,,,,,,,,1869,﻿,﻿,﻿Green Bay,GreenBay
﻿gre.wi.0029,﻿church,﻿St. Joseph's,English,,,,﻿Brown County,﻿Brown County,﻿Robinsonville,﻿Champion,﻿WI,,,,,,,﻿p_crud_001,﻿Rev.,﻿Phil. Crud,,,,,,,,1869,﻿,﻿,﻿Green Bay,GreenBay
﻿gre.wi.0031,﻿church,﻿St. Stephen's,English,,,,﻿Portage County,﻿Portage County,﻿Stevens Point,﻿Stevens Point,﻿WI,,,,,,,﻿m_schwebach_001,﻿Rev.,﻿M. Schwebach,,,,,,,,1869,﻿,﻿,﻿Green Bay,GreenBay
﻿gre.wi.0032,﻿church,﻿St. Luke's,English,,,,﻿Manitowoc County,﻿Manitowoc County,﻿Two Rivers,﻿Two Rivers,﻿WI,,,,,,,﻿j_gauché_001,﻿Rev.,﻿Jacob Gauché,,,,,,,,1869,﻿,﻿,﻿Green Bay,GreenBay
﻿gre.wi.0033,﻿church,﻿Invention of the Holy Cross,English,,,,﻿Brown County,﻿Brown County,﻿Wequiock,﻿Wequiock,﻿WI,,,,,,,﻿edw_daems_001,﻿Rev.,﻿E. Daems,﻿O.S.C.,,,,,,,1869,﻿,﻿,﻿Green Bay,GreenBay
﻿gre.wi.0034,﻿station,not recorded,English,,,,,,﻿Ahnepee,﻿Algoma,﻿WI,,,,,,"﻿Visited either monthly, or, for want of priests, occasionally",,,,,,,,,,,1869,﻿,﻿,﻿Green Bay,GreenBay
﻿gre.wi.0037,﻿station,not recorded,English,,,,,,﻿Buena Vista,﻿Plover,﻿WI,,,,,,"﻿Visited either monthly, or, for want of priests, occasionally",,,,,,,,,,,1869,﻿,﻿,﻿Green Bay,GreenBay
﻿gre.wi.0007,﻿station,not recorded,English,,,,,,﻿Buchanan,,,,,,,,"﻿Visited either monthly, or, for want of priests, occasionally",,,,,,,,,,,1869,﻿,﻿,﻿Green Bay,GreenBay
﻿gre.wi.0038,﻿station,not recorded,English,,,,,﻿Kewaunee County,﻿Carrolton,﻿Carlton,﻿WI,,,,,,"﻿Visited either monthly, or, for want of priests, occasionally",,,,,,,,,,,1869,﻿,﻿,﻿Green Bay,GreenBay
﻿gre.wi.0039,﻿station,not recorded,English,,,,,﻿Kewaunee County,﻿Casco,﻿Casco,﻿WI,,,,,,"﻿Visited either monthly, or, for want of priests, occasionally",,,,,,,,,,,1869,﻿,﻿,﻿Green Bay,GreenBay
﻿gre.wi.0040,﻿station,not recorded,English,,,,,﻿Outagamie County,﻿Center,﻿Center,﻿WI,,,,,,"﻿Visited either monthly, or, for want of priests, occasionally",,,,,,,,,,,1869,﻿,﻿,﻿Green Bay,GreenBay
﻿gre.wi.0042,﻿station,not recorded,English,,,,,﻿Manitowoc County,﻿Clark Mills,﻿Cato,﻿WI,,,,,,"﻿Visited either monthly, or, for want of priests, occasionally",,,,,,,,,,,1869,﻿,﻿,﻿Green Bay,GreenBay
﻿gre.wi.0043,﻿station,not recorded,English,,,,,﻿Calumet County,﻿Charleston,﻿Charlestown,﻿WI,,,,,,"﻿Visited either monthly, or, for want of priests, occasionally",,,,,,,,,,,1869,﻿,﻿,﻿Green Bay,GreenBay
﻿gre.wi.0044,﻿station,not recorded,English,,,,,,﻿Carryville,﻿Cincinnati,﻿WI,,,,,,"﻿Visited either monthly, or, for want of priests, occasionally",,,,,,,,,,,1869,﻿,﻿,﻿Green Bay,GreenBay
﻿gre.wi.0045,﻿station,not recorded,English,,,,,﻿Kewaunee County,﻿Deycksville,﻿Dyckesville,﻿WI,,,,,,"﻿Visited either monthly, or, for want of priests, occasionally",,,,,,,,,,,1869,﻿,﻿,﻿Green Bay,GreenBay
﻿gre.wi.0046,﻿station,not recorded,English,,,,,﻿Brown County,﻿Duck Creek,﻿Howard,﻿WI,,,,,,"﻿Visited either monthly, or, for want of priests, occasionally",,,,,,,,,,,1869,﻿,﻿,﻿Green Bay,GreenBay
﻿gre.wi.0048,﻿station,not recorded,English,,,,,﻿Milwaukee County,﻿Franklin,﻿Franklin,﻿WI,,,,,,"﻿Visited either monthly, or, for want of priests, occasionally",,,,,,,,,,,1869,﻿,﻿,﻿Green Bay,GreenBay
﻿gre.wi.0049,﻿station,not recorded,English,,,,,﻿Calumet County,﻿Harrison,﻿Harrison,﻿WI,,,,,,"﻿Visited either monthly, or, for want of priests, occasionally",,,,,,,,,,,1869,﻿,﻿,﻿Green Bay,GreenBay
﻿gre.wi.0050,﻿station,not recorded,English,,,,,﻿Brown County,﻿East Hollandtown,﻿Holland,﻿WI,,,,,,"﻿Visited either monthly, or, for want of priests, occasionally",,,,,,,,,,,1869,﻿,﻿,﻿Green Bay,GreenBay
﻿gre.wi.0051,﻿station,not recorded,English,,,,,﻿Outagamie County,﻿Hortonville,﻿Hortonville,﻿WI,,,,,,"﻿Visited either monthly, or, for want of priests, occasionally",,,,,,,,,,,1869,﻿,﻿,﻿Green Bay,GreenBay
﻿mil.wi.0349,﻿station,not recorded,English,,,,,﻿Brown County,﻿Humboldt,﻿Humboldt,﻿WI,,,,,,"﻿Visited either monthly, or, for want of priests, occasionally",,,,,,,,,,,1869,﻿,﻿,﻿Green Bay,GreenBay
﻿gre.wi.0053,﻿station,not recorded,English,,,,,﻿Columbia County,﻿Kilburn City,﻿Wisconsin Dells,﻿WI,,,,,,"﻿Visited either monthly, or, for want of priests, occasionally",,,,,,,,,,,1869,﻿,﻿,﻿Green Bay,GreenBay
﻿gre.wi.0055,﻿station,not recorded,English,,,,,﻿Waupaca County,﻿Lebanon,﻿Lebanon,﻿WI,,,,,,"﻿Visited either monthly, or, for want of priests, occasionally",,,,,,,,,,,1869,﻿,﻿,﻿Green Bay,GreenBay
﻿gre.wi.0056,﻿station,not recorded,English,,,,,﻿Kewaunee County,﻿Lincoln Town,﻿Lincoln,﻿WI,,,,,,"﻿Visited either monthly, or, for want of priests, occasionally",,,,,,,,,,,1869,﻿,﻿,﻿Green Bay,GreenBay
﻿gre.wi.0060,﻿station,not recorded,English,,,,,﻿Manitowoc County,﻿Mishicot,﻿Mishicot,﻿WI,,,,,,"﻿Visited either monthly, or, for want of priests, occasionally",,,,,,,,,,,1869,﻿,﻿,﻿Green Bay,GreenBay
﻿gre.wi.0061,﻿station,not recorded,English,,,,,﻿Kewaunee County,﻿Montpellier,﻿Montpelier,﻿WI,,,,,,"﻿Visited either monthly, or, for want of priests, occasionally",,,,,,,,,,,1869,﻿,﻿,﻿Green Bay,GreenBay
﻿gre.wi.0062,﻿station,not recorded,English,,,,,﻿Brown County,﻿Morristown,﻿Morrison,﻿WI,,,,,,"﻿Visited either monthly, or, for want of priests, occasionally",,,,,,,,,,,1869,﻿,﻿,﻿Green Bay,GreenBay
﻿gre.wi.0063,﻿station,not recorded,English,,,,,,﻿Menomenee,,﻿WI,,,,,,"﻿Visited either monthly, or, for want of priests, occasionally",,,,,,,,,,,1869,﻿,﻿,﻿Green Bay,GreenBay
﻿gre.wi.0064,﻿station,not recorded,English,,,,,﻿Door County,﻿New-Brussels,﻿Brussels,﻿WI,,,,,,"﻿Visited either monthly, or, for want of priests, occasionally",,,,,,,,,,,1869,﻿,﻿,﻿Green Bay,GreenBay
﻿gre.wi.0083,﻿station,not recorded,English,,,,,,﻿New-London,,,,,,,,"﻿Visited either monthly, or, for want of priests, occasionally",,,,,,,,,,,1869,﻿,﻿,﻿Green Bay,GreenBay
﻿gre.wi.0065,﻿station,not recorded,English,,,,,﻿Winnebago County,﻿Neenah,﻿Neenah,﻿WI,,,,,,"﻿Visited either monthly, or, for want of priests, occasionally",,,,,,,,,,,1869,﻿,﻿,﻿Green Bay,GreenBay
﻿gre.wi.0067,﻿station,not recorded,English,,,,,﻿Marinette County,﻿Peshtigo,﻿Peshtigo,﻿WI,,,,,,"﻿Visited either monthly, or, for want of priests, occasionally",,,,,,,,,,,1869,﻿,﻿,﻿Green Bay,GreenBay
﻿gre.wi.0068,﻿station,not recorded,English,,,,,,﻿Prairie,,﻿WI,,,,,,"﻿Visited either monthly, or, for want of priests, occasionally",,,,,,,,,,,1869,﻿,﻿,﻿Green Bay,GreenBay
﻿gre.wi.0084,﻿station,not recorded,English,,,,,,﻿Preble Town,,,,,,,,"﻿Visited either monthly, or, for want of priests, occasionally",,,,,,,,,,,1869,﻿,﻿,﻿Green Bay,GreenBay
﻿gre.wi.0085,﻿station,not recorded,English,,,,,,﻿Red River,,,,,,,,"﻿Visited either monthly, or, for want of priests, occasionally",,,,,,,,,,,1869,﻿,﻿,﻿Green Bay,GreenBay
﻿gre.wi.0086,﻿station,not recorded,English,,,,,,﻿Rosière,,,,,,,,"﻿Visited either monthly, or, for want of priests, occasionally",,,,,,,,,,,1869,﻿,﻿,﻿Green Bay,GreenBay
﻿gre.wi.0069,﻿station,not recorded,English,,,,,﻿Shawano County,﻿Shawana,﻿Shawano,﻿WI,,,,,,"﻿Visited either monthly, or, for want of priests, occasionally",,,,,,,,,,,1869,﻿,﻿,﻿Green Bay,GreenBay
﻿gre.wi.0070,﻿station,not recorded,English,,,,,﻿Brown County,﻿Snydersville,﻿Sniderville,﻿WI,,,,,,"﻿Visited either monthly, or, for want of priests, occasionally",,,,,,,,,,,1869,﻿,﻿,﻿Green Bay,GreenBay
﻿gre.wi.0071,﻿station,not recorded,English,,,,,﻿Calumet County,﻿Stockbridge,﻿Stockbridge,﻿WI,,,,,,"﻿Visited either monthly, or, for want of priests, occasionally",,,,,,,,,,,1869,﻿,﻿,﻿Green Bay,GreenBay
﻿gre.wi.0072,﻿station,not recorded,English,,,,,﻿Marathon County,﻿Wausau,﻿Wausau,﻿WI,,,,,,"﻿Visited either monthly, or, for want of priests, occasionally",,,,,,,,,,,1869,﻿,﻿,﻿Green Bay,GreenBay
﻿gre.wi.0073,﻿station,not recorded,English,,,,,,﻿Wahlheim,,﻿WI,,,,,,"﻿Visited either monthly, or, for want of priests, occasionally",,,,,,,,,,,1869,﻿,﻿,﻿Green Bay,GreenBay
﻿gre.wi.0075,﻿station,not recorded,English,,,,,,﻿Woodville,,﻿WI,,,,,,"﻿Visited either monthly, or, for want of priests, occasionally",,,,,,,,,,,1869,﻿,﻿,﻿Green Bay,GreenBay
﻿gre.wi.0078,﻿convent,﻿St. Mary,English,,,,,,﻿Green Bay,﻿Green Bay,﻿WI,,,,,,,,﻿Sister,﻿Mary Bruno,,﻿Superior,,,,﻿Sisters of Notre Dame,,1869,﻿,﻿,﻿Green Bay,GreenBay
﻿gre.wi.0079,"﻿convent, academy",﻿Ursuline Convent and Academy,English,,,,,,﻿Green Bay,﻿Green Bay,﻿WI,,,,,,,,﻿Mother,﻿Mary Ann Mayer,,﻿Superior,,,,,,1869,﻿,﻿,﻿Green Bay,GreenBay
﻿gre.wi.0080,﻿convent,not recorded,English,,,,,,﻿Oshkosh,﻿Oshkosh,﻿WI,,,,,,,,﻿Sister,﻿Thomasina,,﻿Superior,,,,﻿Sisters of the Third Order of St. Dominic,,1869,﻿,﻿,﻿Green Bay,GreenBay
﻿gre.wi.0081,﻿convent,not recorded,English,,,,,,﻿Portage City,﻿Portage,﻿WI,,,,,,,,﻿Sister,﻿M. Agnes,,﻿Superior,,,,﻿Sisters of the Third Order of St. Dominic,,1869,﻿,﻿,﻿Green Bay,GreenBay
﻿gre.wi.0082,﻿convent,not recorded,English,,,,,,﻿Menasha,﻿Menasha,﻿WI,,,,,,,,,,,,,,,﻿Sisters of the Third Order of St. Francis,,1869,﻿,﻿,﻿Green Bay,GreenBay
