instID,church_type,instName,language,instNote,placeName,region,county_orig,county_reg,city_orig,city_reg,state_orig,state_reg,latitude,longitude,attendingInstID,attendingChurch,attendingChurchFrequency,persID,persTitle,persName,persSuffix,persRole,persNote,memberType,member,affiliated,order,year,attendingPersID,attendingChurchNote,diocese,diocese_reg
﻿mil.wi.0001,﻿cathedral,﻿St. John's Cathedral,English,,﻿Corner of Jackson and Oneida streets,,,﻿Milwaukee County,﻿Milwaukee,﻿Milwaukee,﻿WI,,,,,,,,﻿Rt. Rev.,﻿J. M. Henni,﻿D.D.,,,,,,,1865,﻿,﻿,﻿Milwaukee,Milwaukee
﻿mil.wi.0001,﻿cathedral,﻿St. John's Cathedral,English,,﻿Corner of Jackson and Oneida streets,,,﻿Milwaukee County,﻿Milwaukee,﻿Milwaukee,﻿WI,,,,,,,,﻿Very Rev.,﻿M. Kundig,,,,,,,,1865,﻿,﻿,﻿Milwaukee,Milwaukee
﻿mil.wi.0001,﻿cathedral,﻿St. John's Cathedral,English,,﻿Corner of Jackson and Oneida streets,,,﻿Milwaukee County,﻿Milwaukee,﻿Milwaukee,﻿WI,,,,,,,﻿p_j_donaghoe_001,﻿Rev.,﻿P. Donaghoe,,,,,,,,1865,﻿,﻿,﻿Milwaukee,Milwaukee
﻿mil.wi.0002,﻿church,﻿St. Mary's,English,,﻿Corner of Main and Biddle streets,,,﻿Milwaukee County,﻿Milwaukee,﻿Milwaukee,﻿WI,,,,,,,﻿l_batz_001,﻿Rev.,﻿L. Batz,,,,,,,,1865,﻿,﻿,﻿Milwaukee,Milwaukee
﻿mil.wi.0003,﻿church,﻿St. Gall's,English,,﻿Corner of Second and Sycamore streets,,,﻿Milwaukee County,﻿Milwaukee,﻿Milwaukee,﻿WI,,43.066124,-87.913974,,,,﻿sta_p_lalumiere_001,﻿Rev.,﻿Stanislaus P. Lalumiere,﻿S.J.,﻿Superior and Pastor,,,,,,1865,﻿,﻿,﻿Milwaukee,Milwaukee
﻿mil.wi.0003,﻿church,﻿St. Gall's,English,,﻿Corner of Second and Sycamore streets,,,﻿Milwaukee County,﻿Milwaukee,﻿Milwaukee,﻿WI,,43.066124,-87.913974,,,,﻿ign_maes_001,﻿Rev.,﻿Ignatius Maes,﻿S.J.,,,,,,,1865,﻿,﻿,﻿Milwaukee,Milwaukee
﻿mil.wi.0003,﻿church,﻿St. Gall's,English,,﻿Corner of Second and Sycamore streets,,,﻿Milwaukee County,﻿Milwaukee,﻿Milwaukee,﻿WI,,43.066124,-87.913974,,,,﻿j_t_kuhlmann_001,﻿Rev.,﻿J. T. Kuhlmann,,,,,,,,1865,﻿,﻿,﻿Milwaukee,Milwaukee
﻿mil.wi.0004,﻿church,﻿Holy Trinity,English,,﻿Corner of Park and Greenbush streets,,,﻿Milwaukee County,﻿Milwaukee,﻿Milwaukee,﻿WI,,,,,,,﻿m_beiter_001,﻿Rev.,﻿M. Beiter,,,,,,,,1865,﻿,﻿,﻿Milwaukee,Milwaukee
﻿mil.wi.0005,﻿church,﻿St. Joseph's,English,,﻿Corner of Eleventh and Lisbon streets,,,﻿Milwaukee County,﻿Milwaukee,﻿Milwaukee,﻿WI,,,,,,,﻿j_holzhauer_001,﻿Rev.,﻿J. Holzhauer,,,,,,,,1865,﻿,﻿,﻿Milwaukee,Milwaukee
﻿mil.wi.0006,﻿church,﻿St. Peter's,﻿Bohemian,,﻿Martin and Jackson streets,,,﻿Milwaukee County,﻿Milwaukee,﻿Milwaukee,﻿WI,,,,,,,﻿f_zastera_001,﻿Rev.,﻿F. Zastera,,,,,,,,1865,﻿,﻿,﻿Milwaukee,Milwaukee
﻿mil.wi.0010,﻿church,﻿St. Mary's of the Holy Angels,English,,﻿Corner of Milwaukee and Knapp streets,,,﻿Milwaukee County,﻿Milwaukee,﻿Milwaukee,﻿WI,,,,,,,﻿f_x_krautbauer_001,﻿Rev.,﻿F. X. Krautbauer,,﻿Chaplain,,,,,,1865,﻿,﻿,﻿Milwaukee,Milwaukee
﻿mil.wi.0011,﻿church,﻿St. Patrick's,English,,,,﻿Sheboygan County,﻿Sheboygan County,﻿Abbottown,,﻿WI,,43.689523,-87.618638,,﻿Attended from Cascade,,,,,,,,,,,,1865,﻿,﻿,﻿Milwaukee,Milwaukee
﻿mil.wi.0013,﻿church,﻿St. Anthony's,English,,,,﻿Washington County,﻿Washington County,﻿Addison,﻿Addison,﻿WI,,,,,,,﻿c_rehrl_001,﻿Rev.,﻿C. Rehrl,,,,,,,,1865,﻿,﻿,﻿Milwaukee,Milwaukee
﻿mil.wi.0014,﻿church,﻿SS. Peter and Paul's,English,,,,﻿Washington County,﻿Washington County,﻿Addison,﻿Addison,﻿WI,,,,,,,﻿c_rehrl_001,﻿Rev.,﻿C. Rehrl,,,,,,,,1865,﻿,﻿,﻿Milwaukee,Milwaukee
﻿mil.wi.0015,﻿church,﻿St. Francis of Sales,English,,,,﻿Green County,﻿Green County,﻿Albany,﻿Albany,﻿WI,,,,,﻿Attended by Rev. F. H. Sullivan,,﻿f_h_sullivan_001,﻿Rev.,﻿F. H. Sullivan,,,,,,,,1865,﻿,﻿,﻿Milwaukee,Milwaukee
﻿gre.wi.0005,﻿church,﻿St. Mary's,English,,,,﻿Outagamie County,﻿Outagamie County,﻿Appleton,﻿Appleton,﻿WI,,,,,,,﻿l_dael_001,﻿Rev.,﻿L. Dael,,,,,,,,1865,﻿,﻿,﻿Milwaukee,Milwaukee
﻿mil.wi.0016,﻿church,﻿St. Martin's,English,,,,﻿Fond du Lac County,﻿Fond du Lac County,﻿Ashford,﻿Ashford,﻿WI,,,,,,,﻿m_pickel_001,﻿Rev.,﻿M. Pickel,,,,,,,,1865,﻿,﻿,﻿Milwaukee,Milwaukee
﻿lac.wi.0015,﻿church,﻿Nativity of B.V.M.,English,,,,﻿Richland County,,﻿Attica,,﻿WI,,,,,,,,﻿Rev.,﻿W. Bernard,,,,,,,,1865,﻿,﻿,﻿Milwaukee,Milwaukee
﻿mil.wi.0325,﻿church,﻿St. Amandus',English,,,,﻿Kewaunee County,,﻿Ahnepee,,﻿WI,,,,,﻿Visited from Kewaunee,,,,,,,,,,,,1865,﻿,﻿,﻿Milwaukee,Milwaukee
﻿mil.wi.0017,﻿church,﻿St. Mathias',English,,,,﻿Fond du Lac County,﻿Fond du Lac County,﻿Auburn,﻿Auburn,﻿WI,,,,,﻿Attended from Barton,,,,,,,,,,,,1865,﻿,﻿,﻿Milwaukee,Milwaukee
﻿lac.wi.0089,﻿church,﻿St. Henry's,English,,,,﻿Pepin County,,﻿Aux Galets,,﻿WI,,,,,﻿Attended by Rev. B. Smeddink,,,﻿Rev.,﻿B. Smeddink,,,,,,,,1865,﻿,﻿,﻿Milwaukee,Milwaukee
﻿mil.wi.0018,﻿church,﻿Immaculate Conception,English,,,,﻿Washington County,﻿Washington County,﻿Barton,﻿Barton,﻿WI,,,,,,,﻿j_reindl_001,﻿Rev.,﻿J. Reindl,,,,,,,,1865,﻿,﻿,﻿Milwaukee,Milwaukee
﻿lac.wi.0004,﻿church,﻿Christ's Church,English,,,,﻿La Point County,﻿La Point County,﻿Bayfield,﻿Bayfield,﻿WI,,46.810767,-90.81824,,,,﻿j_chebul_002,﻿Rev.,﻿J. Chebul,,,,,,,,1865,﻿,﻿,﻿Milwaukee,Milwaukee
﻿gre.wi.0033,﻿church,﻿Exaltation of the Holy Cross,English,,,,﻿Brown County,,﻿Bay Settlement,,﻿WI,,,,,,,,﻿Very Rev.,﻿E. Daems,﻿O.S.C.,,,,,,,1865,﻿,﻿,﻿Milwaukee,Milwaukee
﻿mil.wi.0019,﻿church,﻿St. Mathias',English,,,,﻿Milwaukee County,﻿Milwaukee County,﻿Beloit Road,﻿West Milwaukee,﻿WI,,,,,,,﻿a_kieser_001,﻿Rev.,﻿A. Kieser,,,,,,,,1865,﻿,﻿,﻿Milwaukee,Milwaukee
﻿mil.wi.0020,﻿church,﻿St. Thomas,English,,,,﻿Rock County,﻿Rock County,﻿Beloit,﻿Beloit,﻿WI,,,,,,,﻿j_h_harmon_001,﻿Rev.,﻿J. H. Herman,,,,,,,,1865,﻿,﻿,﻿Milwaukee,Milwaukee
﻿mil.wi.0021,﻿church,﻿St. Peter's,English,,,,﻿Dodge County,﻿Dodge County,﻿Beaver Dam,﻿Beaver Dam,﻿WI,,,,,,,﻿f_de-berge_001,﻿Rev.,﻿F. De Berge,,,,,,,,1865,﻿,﻿,﻿Milwaukee,Milwaukee
﻿mil.wi.0023,﻿church,﻿St. Patrick's,English,,,,﻿Dodge County,﻿Dodge County,﻿Beaver Dam,﻿Beaver Dam,﻿WI,,,,,,,﻿f_de-berge_001,﻿Rev.,﻿F. De Berge,,,,,,,,1865,﻿,﻿,﻿Milwaukee,Milwaukee
﻿mil.wi.0024,﻿church,﻿Holy Cross,English,,,,﻿Ozaukee County,﻿Ozaukee County,﻿Belgium,﻿Belgium,﻿WI,,,,,,,﻿j_a_arnold_001,﻿Rev.,﻿J. A. Arnold,,,,,,,,1865,﻿,﻿,﻿Milwaukee,Milwaukee
﻿mil.wi.0025,﻿church,﻿St. Mary's,English,,,,﻿Ozaukee County,﻿Ozaukee County,﻿Belgium,﻿Belgium,﻿WI,,,,,,,﻿a_rash_001,﻿Rev.,﻿A. Rash,,,,,,,,1865,﻿,﻿,﻿Milwaukee,Milwaukee
﻿mil.wi.0026,﻿church,﻿St. Patrick's,English,,,,﻿Lafayette County,﻿Lafayette County,﻿Benton,﻿Benton,﻿WI,,,,,,,﻿h_nuyts_001,﻿Rev.,﻿H. Nuyts,﻿O.S.C.,,,,,,,1865,﻿,﻿,﻿Milwaukee,Milwaukee
﻿mil.wi.0027,﻿church,﻿St. Joseph's,English,,,,﻿Marquette County,﻿Green Lake County,﻿Berlin,﻿Berlin,﻿WI,,,,,﻿Attended by Rev. E. Gray,,﻿e_gray_001,﻿Rev.,﻿E. Gray,,,,,,,,1865,﻿,﻿,﻿Milwaukee,Milwaukee
﻿lac.wi.0003,﻿church,﻿St. Michael's,English,,,,﻿Sauk County,﻿Sauk County,﻿Baraboo,﻿Baraboo,﻿WI,,43.471094,-89.744291,,﻿Visited from Sac City,,,,,,,,,,,,1865,﻿,﻿,﻿Milwaukee,Milwaukee
﻿mil.wi.0326,﻿church,﻿St. Pius,English,,,,﻿Columbia County,,﻿Briggsville,,﻿WI,,,,,﻿Visited by Rev. A. Fagan,,﻿a_fagan_001,﻿Rev.,﻿A. Fagan,,,,,,,,1865,﻿,﻿,﻿Milwaukee,Milwaukee
﻿mil.wi.0030,﻿church,﻿Immaculate Conception,English,,,,﻿Racine County,﻿Racine County,﻿Burlington,﻿Burlington,﻿WI,,,,,,,﻿m_wistbauer_001,﻿Rev.,﻿M. Wistbauer,,,,,,,,1865,﻿,﻿,﻿Milwaukee,Milwaukee
﻿mil.wi.0031,﻿church,﻿St. Patrick's,English,,,,﻿Kenosha County,﻿Kenosha County,﻿Brighton,﻿Brighton,﻿WI,,42.627816,-88.100668,,,,﻿h_j_albers_001,﻿Rev.,﻿H. J. Albers,,,,,,,,1865,﻿,﻿,﻿Milwaukee,Milwaukee
﻿mil.wi.0033,﻿church,﻿St. Dominic's,English,,,,﻿Waukesha County,﻿Waukesha County,﻿Brookfield,﻿Brookfield,﻿WI,,,,,﻿Attended by Rev. A. O'Connor,,﻿a_oconnor_001,﻿Rev.,﻿A. O'Connor,,,,,,,,1865,﻿,﻿,﻿Milwaukee,Milwaukee
﻿mil.wi.0328,﻿church,﻿Holy Angel Guardians,English,,,,﻿Outagamie County,,﻿Buchanan,,﻿WI,,,,,﻿Attended by Rev. E. Spierings,,﻿e_spierings_001,﻿Rev.,﻿E. Spierings,,,,,,,,1865,﻿,﻿,﻿Milwaukee,Milwaukee
﻿lac.wi.0005,﻿church,﻿St. Joseph's,English,,,,﻿La Crosse County,﻿La Crosse County,﻿Buchanan,﻿Washington,﻿WI,,43.813775,-91.251902,,﻿Attended from La Crosse,,,,,,,,,,,,1865,﻿,﻿,﻿Milwaukee,Milwaukee
﻿mil.wi.0034,﻿church,﻿St. Andrews's,English,,,,﻿Marquette County,﻿Marquette County,﻿Buffalo,﻿Buffalo,﻿WI,,,,,﻿Attended by Rev. A. Fagan,,﻿a_fagan_001,﻿Rev.,﻿A. Fagan,,,,,,,,1865,﻿,﻿,﻿Milwaukee,Milwaukee
﻿mil.wi.0035,﻿church,﻿St. John's,English,,,,﻿Fond du Lac County,﻿Fond du Lac County,﻿Byron,﻿Byron,﻿WI,,,,,﻿Attended by Rev. J. Colton,,﻿j_colton_001,﻿Rev.,﻿J. Colton,,,,,,,,1865,﻿,﻿,﻿Milwaukee,Milwaukee
﻿mil.wi.0036,﻿church,﻿St. Louis',English,,,,﻿Racine County,﻿Racine County,﻿Caledonia,﻿Caledonia,﻿WI,,,,,,,﻿j_s_munich_001,﻿Rev.,﻿J. S. Munich,,,,,,,,1865,﻿,﻿,﻿Milwaukee,Milwaukee
﻿mil.wi.0037,﻿church,﻿Holy Family,English,,,,﻿Racine County,﻿Racine County,﻿Caledonia,﻿Caledonia,﻿WI,,,,,,,﻿j_s_munich_001,﻿Rev.,﻿J. S. Munich,,,,,,,,1865,﻿,﻿,﻿Milwaukee,Milwaukee
﻿mil.wi.0039,﻿church,﻿St. Mary's,English,,,,﻿Sheboygan County,﻿Sheboygan County,﻿Cascade,﻿Cascade,﻿WI,,,,,,,﻿p_mcgowan_002,﻿Rev.,﻿P. McGowan,,,,,,,,1865,﻿,﻿,﻿Milwaukee,Milwaukee
﻿mil.wi.0040,﻿church,﻿St. Charles',English,,,,﻿Grant County,﻿Grant County,﻿Cassville,﻿Cassville,﻿WI,,,,,"﻿Attended by Rev. H. Verhaef, C.S.C.",,,﻿Rev.,﻿H. Verhaef,﻿C.S.C.,,,,,,,1865,﻿,﻿,﻿Milwaukee,Milwaukee
﻿lac.wi.0006,﻿church,﻿St. Anthony of Padua,English,,,,﻿Richland County,﻿Richland County,﻿Cazenovia,﻿Cazenovia,﻿WI,,43.524284,-90.222851,,﻿Attended by Rev. W. Bernard,,,﻿Rev.,﻿W. Bernard,,,,,,,,1865,﻿,﻿,﻿Milwaukee,Milwaukee
﻿mil.wi.0041,﻿church,﻿St. Francis Borgia,English,,,,﻿Ozaukee County,﻿Ozaukee County,﻿Cedarburgh,﻿Cedarburg,﻿WI,,,,,,,﻿w_dougherty_001,﻿Rev.,﻿W. Dougherty,,,,,,,,1865,﻿,﻿,﻿Milwaukee,Milwaukee
﻿mil.wi.0333,﻿church,﻿St. Edward's,English,,,,﻿Outagamie County,,﻿Center,,﻿WI,,,,,﻿Visited by Rev. L. Dael,,﻿l_dael_001,﻿Rev.,﻿L. Dael,,,,,,,,1865,﻿,﻿,﻿Milwaukee,Milwaukee
﻿mil.wi.0042,﻿church,﻿St. George's,English,,,,﻿Manitowoc County,﻿Manitowoc County,﻿Centreville,﻿Centerville,﻿WI,,,,,,,﻿m_weiss_001,﻿Rev.,﻿M. Weiss,,,,,,,,1865,﻿,﻿,﻿Milwaukee,Milwaukee
﻿mil.wi.0043,﻿church,﻿St. Wendelin's,English,,,,﻿Manitowoc County,﻿Manitowoc County,﻿Centreville,﻿Centerville,﻿WI,,,,,,,﻿m_weiss_001,﻿Rev.,﻿M. Weiss,,,,,,,,1865,﻿,﻿,﻿Milwaukee,Milwaukee
﻿lac.wi.0007,﻿church,﻿St. Mary's,English,,,,﻿Chippewa County,﻿Chippewa County,﻿Chippewa Falls,﻿Chippewa Falls,﻿WI,,44.936905,-91.392935,,,,﻿j_b_smeddink_001,﻿Rev.,﻿J. B. Smeddink,,,,,,,,1865,﻿,﻿,﻿Milwaukee,Milwaukee
﻿gre.wi.0008,﻿church,﻿St. Augustine's,English,,,,﻿Calumet County,﻿Calumet County,﻿Chilton,﻿Chilton,﻿WI,,,,,,,﻿h_mcmahon_001,﻿Rev.,﻿H. McMahon,,,,,,,,1865,﻿,﻿,﻿Milwaukee,Milwaukee
﻿lac.wi.0093,﻿church,﻿St. Phillip's,English,,,,﻿Crawford County,,﻿Claytontown,,﻿WI,,,,,﻿Attended by Rev. P. Murphy,,﻿p_murphy_004,﻿Rev.,﻿P. Murphy,,,,,,,,1865,﻿,﻿,﻿Milwaukee,Milwaukee
﻿mil.wi.0046,﻿church,﻿Holy Assumption,English,,,,﻿Dodge County,﻿Dodge County,﻿Clyman,﻿Clyman,﻿WI,,,,,﻿Attended by Rev. H. Lache,,﻿h_lache_001,﻿Rev.,﻿H. Lache,,,,,,,,1865,﻿,﻿,﻿Milwaukee,Milwaukee
﻿mil.wi.0047,﻿church,﻿St. Isidore's,﻿German,,,,﻿Dodge County,﻿Dodge County,﻿Clyman,﻿Clyman,﻿WI,,,,,"﻿Attended by Rev. F. Permadinger, O.S.F.",,﻿f_permadinger_001,﻿Rev.,﻿F. Permadinger,﻿O.S.F.,,,,,,,1865,﻿,﻿,﻿Milwaukee,Milwaukee
﻿mil.wi.0049,﻿church,﻿St. Mary's of Help,English,,,,﻿Jefferson County,﻿Jefferson County,﻿Concord,﻿Concord,﻿WI,,,,,﻿Attended from Ottowa,,,,,,,,,,,,1865,﻿,﻿,﻿Milwaukee,Milwaukee
﻿mil.wi.0334,﻿church,﻿Holy Family,English,,,,﻿Monitowoc County,,﻿Cooperstown,,﻿WI,,,,,﻿Attended by Rev. J. Mally,,﻿j_mally_001,﻿Rev.,﻿J. Mally,,,,,,,,1865,﻿,﻿,﻿Milwaukee,Milwaukee
﻿mil.wi.0335,﻿church,﻿St. Wenceslaus,English,,,,﻿Monitowoc County,,﻿Cooperstown,,﻿WI,,,,,﻿Attended by Rev. J. Mally,,﻿j_mally_001,﻿Rev.,﻿J. Mally,,,,,,,,1865,﻿,﻿,﻿Milwaukee,Milwaukee
﻿mil.wi.0051,﻿church,﻿St. Mary's,English,,,,﻿Dane County,﻿Dane County,﻿Cross Plains,﻿Cross Plains,﻿WI,,,,,,,﻿p_i_voissem_001,﻿Rev.,﻿P. I. Voissem,,,,,,,,1865,﻿,﻿,﻿Milwaukee,Milwaukee
﻿mil.wi.0050,﻿church,﻿St. Francis',English,,,,﻿Dane County,﻿Dane County,﻿Cross Plains,﻿Cross Plains,﻿WI,,,,,,,﻿p_i_voissem_001,﻿Rev.,﻿P. I. Voissem,,,,,,,,1865,﻿,﻿,﻿Milwaukee,Milwaukee
﻿mil.wi.0053,﻿church,﻿St. Leo's,English,,,,﻿Lafayette County,﻿La Fayette County,﻿Darlington,﻿Darlington,﻿WI,,,,,,,﻿a_david_001,﻿Rev.,﻿A. David,,,,,,,,1865,﻿,﻿,﻿Milwaukee,Milwaukee
﻿mil.wi.0055,﻿church,﻿St. Anne's,English,,,,﻿Dane County,﻿Dane County,﻿Deerfield,﻿Deerfield,﻿WI,,,,,﻿Attended from Fitchburgh,,,,,,,,,,,,1865,﻿,﻿,﻿Milwaukee,Milwaukee
﻿mil.wi.0056,﻿church,﻿St. Andrew's,English,,,,﻿Walworth County,﻿Walworth County,﻿Delavan,﻿Delavan,﻿WI,,,,,,,﻿l_kenny_001,﻿Rev.,﻿L. Kenny,,,,,,,,1865,﻿,﻿,﻿Milwaukee,Milwaukee
﻿lac.wi.0094,﻿church,﻿All Saints',English,,,,﻿Sauk County,,﻿Delona,,﻿WI,,,,,﻿Attended by Rev. P. Montague,,﻿p_montague_002,﻿Rev.,﻿P. Montague,,,,,,,,1865,﻿,﻿,﻿Milwaukee,Milwaukee
﻿mil.wi.0057,﻿church,﻿St. Kiernan's,English,,,,﻿Columbia County,﻿Columbia County,﻿Dekora,﻿Dekkora,﻿WI,,,,,﻿Attended from Portage City,,,,,,,,,,,,1865,﻿,﻿,﻿Milwaukee,Milwaukee
﻿mil.wi.0337,﻿church,﻿St. Francis Xavier's,English,,,,﻿Brown County,,﻿Depére,,﻿WI,,,,,,,﻿w_a_verboort_002,﻿Rev.,﻿W. A. Verboort,,,,,,,,1865,﻿,﻿,﻿Milwaukee,Milwaukee
﻿mil.wi.0338,﻿church,﻿St. John Baptist's,English,﻿vacant,,,﻿Outagamie County,,﻿Duck Creek,,﻿WI,,,,,,,,,,,,,,,,,1865,﻿,﻿,﻿Milwaukee,Milwaukee
﻿mil.wi.0058,﻿church,﻿St. Peter's,English,,,,﻿Iowa County,﻿Iowa County,﻿Dodgeville,﻿Dodgeville,﻿WI,,,,,﻿Attended from Highland,,,,,,,,,,,,1865,﻿,﻿,﻿Milwaukee,Milwaukee
﻿mil.wi.0060,﻿church,﻿St. Thaddeus',English,,,,﻿Walworth County,﻿Walworth County,﻿East-Troy,﻿East Troy,﻿WI,,,,,,,,﻿Rev.,﻿G. L. Willard,,,,,,,,1865,﻿,﻿,﻿Milwaukee,Milwaukee
﻿mil.wi.0061,﻿church,﻿St. Gregory Naz.,English,,,,﻿Manitowoc County,﻿Manitowoc County,﻿Eaton,﻿Eaton,﻿WI,,,,,,,﻿a_oschwald_001,﻿Rev.,﻿A. Oschwald,,,,,,,,1865,﻿,﻿,﻿Milwaukee,Milwaukee
﻿mil.wi.0062,﻿church,﻿St. Teresa's,English,,,,﻿Waukesha County,﻿Waukesha County,﻿Eagle Centre,﻿Eagle,﻿WI,,,,,﻿Attended from Ottowa,,,,,,,,,,,,1865,﻿,﻿,﻿Milwaukee,Milwaukee
﻿lac.wi.0008,﻿church,﻿St. Peter's,English,,,,﻿Chippewa County,﻿Chippewa County,﻿Eagle Point,﻿Eagle Point,﻿WI,,45.031628,-91.39599,,﻿Attended by Rev B. Smedink,,﻿j_b_smeddink_001,﻿Rev.,﻿B. Smedink,,,,,,,,1865,﻿,﻿,﻿Milwaukee,Milwaukee
﻿mil.wi.0064,﻿church,﻿St. Peter's,English,,,,﻿Lafayette County,﻿La Fayette County,﻿Elk Grove,﻿Elk Grove,﻿WI,,,,,﻿Attended from Platteville,,,,,,,,,,,,1865,﻿,﻿,﻿Milwaukee,Milwaukee
﻿mil.wi.0065,﻿church,﻿St. Rosa's,English,,,,﻿Lafayette County,﻿La Fayette County,﻿Elk Grove,﻿Elk Grove,﻿WI,,,,,﻿Attended by Rev. J. Poelking,,﻿j_poelking_001,﻿Rev.,﻿J. Poelking,,,,,,,,1865,﻿,﻿,﻿Milwaukee,Milwaukee
﻿mil.wi.0067,﻿church,﻿St. Lawrence's,English,,,,﻿Walworth County,﻿Walworth County,﻿Elkhorn,﻿Elkhorn,﻿WI,,,,,﻿Attended from Delavan,,,,,,,,,,,,1865,﻿,﻿,﻿Milwaukee,Milwaukee
﻿mil.wi.0066,﻿church,﻿Church of the Visitation B. V. Mary,English,,,,﻿Waukesha County,﻿Waukesha County,﻿Elm Grove,﻿Elm Grove,﻿WI,,,,,,,﻿a_hattenberg_001,﻿Rev.,﻿A. Hattenberg,,,,,,,,1865,﻿,﻿,﻿Milwaukee,Milwaukee
﻿lac.wi.0009,﻿church,﻿St. Patrick's,English,,,,﻿Eau Claire County,﻿Eau Claire County,﻿Eau Claire,﻿Eau Claire,﻿WI,,44.811349,-91.498494,,﻿Attended by Rev. B. Smeddink,,﻿j_b_smeddink_001,﻿Rev.,﻿B. Smeddink,,,,,,,,1865,﻿,﻿,﻿Milwaukee,Milwaukee
﻿mil.wi.0068,﻿church,﻿St. Joseph's,English,,,,﻿Rock County,﻿Rock County,﻿Edgerton,﻿Edgerton,﻿WI,,,,,﻿Attended from Fitchburgh,,,,,,,,,,,,1865,﻿,﻿,﻿Milwaukee,Milwaukee
﻿mil.wi.0069,﻿church,﻿Holy Ascension,English,,,,﻿Fond du Lac County,﻿Fond du Lac County,﻿Eden,﻿Eden,﻿WI,,,,,﻿Attended by Rev. J. Colton,,﻿j_colton_001,﻿Rev.,﻿J. Colton,,,,,,,,1865,﻿,﻿,﻿Milwaukee,Milwaukee
﻿mil.wi.0339,﻿church,﻿St. Columkill's,English,,,,﻿Dodge County,,﻿Ella,,﻿WI,,,,,,,﻿e_mcguirk_001,﻿Rev.,﻿E. McGuirk,,,,,,,,1865,﻿,﻿,﻿Milwaukee,Milwaukee
﻿lac.wi.0011,﻿church,﻿St. Patrick's,English,,,,﻿St. Croix County,﻿St. Croix County,﻿Erin,﻿Erin Prairie,﻿WI,,45.067181,-92.448595,,,,﻿j_conroy_001,﻿Rev.,﻿J. Conroy,,,,,,,,1865,﻿,﻿,﻿Milwaukee,Milwaukee
﻿mil.wi.0071,﻿church,﻿St. Patrick's,English,,,,﻿Washington County,﻿Washington County,﻿Erin,﻿Erin,﻿WI,,,,,﻿Attended by Rev. F. Tiernan,,﻿f_tiernan_001,﻿Rev.,﻿F. Tiernan,,,,,,,,1865,﻿,﻿,﻿Milwaukee,Milwaukee
﻿lac.wi.0095,﻿church,﻿St. Bridget's,English,,,,﻿Trempaleau County,,﻿Etrich,,﻿WI,,,,,﻿Attended by Rev. J. Kleiber,,﻿j_kleiber_001,﻿Rev.,﻿J. Kleiber,,,,,,,,1865,﻿,﻿,﻿Milwaukee,Milwaukee
﻿mil.wi.0072,﻿church,﻿St. John of God,English,,,,﻿Washington County,﻿Washington County,﻿Farmington,﻿Farmington,﻿WI,,,,,﻿Visited from Newburgh,,,,,,,,,,,,1865,﻿,﻿,﻿Milwaukee,Milwaukee
﻿mil.wi.0073,﻿church,﻿St. Peter's,English,,,,﻿Washington County,﻿Washington County,﻿Farmington,﻿Farmington,﻿WI,,,,,﻿Visited from Newburgh,,,,,,,,,,,,1865,﻿,﻿,﻿Milwaukee,Milwaukee
﻿mil.wi.0080,﻿church,﻿St. Virgilus',English,,,,﻿Fond du Lac County,﻿Fond du Lac County,﻿Foresttown,﻿Forest,﻿WI,,,,,﻿Attended from Calvary Convent,,,,,,,,,,,,1865,﻿,﻿,﻿Milwaukee,Milwaukee
﻿lac.wi.0012,﻿church,﻿Immaculate Conception,English,,,,﻿Buffalo County,﻿Buffalo County,﻿Fountain City,﻿Fountain City,﻿WI,,44.130112,-91.716359,,,,﻿j_kleiber_001,﻿Rev.,﻿J. Kleiber,﻿O.S.F.,,,,,,,1865,﻿,﻿,﻿Milwaukee,Milwaukee
﻿gre.wi.0010,﻿church,﻿St. Nicholas',English,,,,﻿Outagamie County,﻿Outagamie County,﻿Freedom,﻿Freedom,﻿WI,,,,,,,﻿a_j_verberk_001,﻿Rev.,﻿A. J. Verberk,,,,,,,,1865,﻿,﻿,﻿Milwaukee,Milwaukee
﻿lac.wi.0096,﻿church,﻿St. Luke's,English,,,,﻿Sauk County,,﻿Franklin,,﻿WI,,,,,﻿Attended from Attica,,,,,,,,,,,,1865,﻿,﻿,﻿Milwaukee,Milwaukee
﻿mil.wi.0081,﻿church,﻿St. Martin's,English,,,,﻿Milwaukee County,﻿Milwaukee County,﻿Franklin,﻿Franklin,﻿WI,,,,,,,﻿p_ofarrell_001,﻿Rev.,﻿P. O'Farrell,,,,,,,,1865,﻿,﻿,﻿Milwaukee,Milwaukee
﻿mil.wi.0082,﻿church,﻿Sacred Hearts of Jesus and Mary,English,,,,﻿Milwaukee County,﻿Milwaukee County,﻿Franklin,﻿Franklin,﻿WI,,,,,,,﻿f_lange_001,﻿Rev.,﻿F. Lange,,,,,,,,1865,﻿,﻿,﻿Milwaukee,Milwaukee
﻿mil.wi.0079,﻿church,﻿Immaculate Conception,English,,,,﻿Dodge County,﻿Dodge County,﻿Fox Lake,﻿Fox Lake,﻿WI,,,,,,,﻿j_smith_003,﻿Rev.,﻿J. Smith,,,,,,,,1865,﻿,﻿,﻿Milwaukee,Milwaukee
﻿mil.wi.0083,﻿church,﻿St. Nicholas',English,,,,﻿Ozaukee County,﻿Ozaukee County,﻿Freedonia,﻿Fredonia,﻿WI,,,,,,,﻿m_roetzer_001,﻿Rev.,﻿M. Roetzer,,,,,,,,1865,﻿,﻿,﻿Milwaukee,Milwaukee
﻿mil.wi.0084,﻿church,﻿Mother of Dolors,English,,,,﻿Ozaukee County,﻿Ozaukee County,﻿Freedonia,﻿Fredonia,﻿WI,,,,,,,﻿m_roetzer_001,﻿Rev.,﻿M. Roetzer,,,,,,,,1865,﻿,﻿,﻿Milwaukee,Milwaukee
﻿mil.wi.0088,﻿church,﻿St. Boniface's,English,,,,﻿Washington County,﻿Washington County,﻿Germantown,﻿Germantown,﻿WI,,,,,,,﻿geo_strickner_001,﻿Rev.,﻿G. Strickner,,,,,,,,1865,﻿,﻿,﻿Milwaukee,Milwaukee
﻿mil.wi.0086,﻿church,﻿St. Paul's,English,,,,﻿Waukesha County,﻿Waukesha County,﻿Genesee,﻿Genesee,﻿WI,,,,,﻿Attended by Rev. R. F. Pettit,,﻿r_f_pettit_001,﻿Rev.,﻿R. F. Pettit,,,,,,,,1865,﻿,﻿,﻿Milwaukee,Milwaukee
﻿mil.wi.0087,﻿church,﻿St. Francis of Sales,English,,,,﻿Walworth County,﻿Walworth County,﻿Geneva,﻿Geneva,﻿WI,,,,,,,﻿e_oconnor_001,﻿Rev.,﻿E. O'Connor,,,,,,,,1865,﻿,﻿,﻿Milwaukee,Milwaukee
﻿mil.wi.0089,﻿church,﻿St. Michael's,English,,,,﻿Milwaukee County,﻿Milwaukee County,﻿Granville,﻿Granville,﻿WI,,,,,﻿Attended by Rev. W. Dougherty,,﻿w_dougherty_001,﻿Rev.,﻿W. Dougherty,,,,,,,,1865,﻿,﻿,﻿Milwaukee,Milwaukee
﻿mil.wi.0091,﻿church,﻿St. Martin's,English,,,,﻿Milwaukee County,﻿Milwaukee County,﻿Granville,﻿Granville,﻿WI,,,,,﻿Attended by Rev. L. M. Mueller,,﻿l_m_mueller_001,﻿Rev.,﻿L. M. Mueller,,,,,,,,1865,﻿,﻿,﻿Milwaukee,Milwaukee
﻿mil.wi.0090,﻿church,﻿St. Catharine's,English,,,,﻿Milwaukee County,﻿Milwaukee County,﻿Granville,﻿Granville,﻿WI,,,,,﻿Attended by Rev. L. M. Mueller,,﻿l_m_mueller_001,﻿Rev.,﻿L. M. Mueller,,,,,,,,1865,﻿,﻿,﻿Milwaukee,Milwaukee
﻿mil.wi.0096,﻿church,﻿St. Mary's,English,,,,﻿Milwaukee County,﻿Milwaukee County,﻿Greenfield,﻿Greenfield,﻿WI,,,,,﻿Attended by Rev. P. O'Farrell,,﻿p_ofarrell_001,﻿Rev.,﻿P. O'Farrell,,,,,,,,1865,﻿,﻿,﻿Milwaukee,Milwaukee
﻿mil.wi.0097,﻿church,﻿Holy Sacrament,English,,,,﻿Milwaukee County,﻿Milwaukee County,﻿Greenfield,﻿Greenfield,﻿WI,,,,,﻿Attended by Rev. A. Kieser,,﻿a_kieser_001,﻿Rev.,﻿A. Kieser,,,,,,,,1865,﻿,﻿,﻿Milwaukee,Milwaukee
﻿lac.wi.0097,﻿church,﻿St. Joseph's,English,,,,﻿Buffalo County,,﻿Glencoe,,﻿WI,,,,,﻿Attended from Fountain City,,,,,,,,,,,,1865,﻿,﻿,﻿Milwaukee,Milwaukee
﻿mil.wi.0094,﻿church,﻿St. Joseph's,English,,,,﻿Ozaukee County,﻿Ozaukee County,﻿Grafton,﻿Grafton,﻿WI,,,,,,,﻿w_storr_001,﻿Rev.,﻿W. Storr,,,,,,,,1865,﻿,﻿,﻿Milwaukee,Milwaukee
﻿mil.wi.0095,﻿church,﻿St. Francis Xavier's,English,,,,﻿Ozaukee County,﻿Ozaukee County,﻿Grafton,﻿Grafton,﻿WI,,,,,,,﻿w_storr_001,﻿Rev.,﻿W. Storr,,,,,,,,1865,﻿,﻿,﻿Milwaukee,Milwaukee
﻿mil.wi.0341,﻿church,﻿St. John's,﻿French,,,,﻿Brown County,,﻿Green Bay,,﻿WI,,,,,,,﻿l_bissey_003,﻿Rev.,﻿L. Bissey,,,,,,,,1865,﻿,﻿,﻿Milwaukee,Milwaukee
﻿mil.wi.0342,﻿church,﻿St. Mary's,﻿German,,,,﻿Brown County,,﻿Green Bay,,﻿WI,,,,,,,﻿f_x_pfaller_002,﻿Rev.,﻿F. X. Pfaller,,,,,,,,1865,﻿,﻿,﻿Milwaukee,Milwaukee
﻿gre.wi.0011,﻿church,﻿Holy Cross,English,,,,﻿Wood County,﻿Wood County,﻿Grand Rapids,﻿Grand Rapids,﻿WI,,,,,,,﻿a_m_mazeaud_001,﻿Rev.,﻿A. M. Mazeaud,,,,,,,,1865,﻿,﻿,﻿Milwaukee,Milwaukee
﻿mil.wi.0098,﻿church,﻿St. Lawrence's,English,,,,﻿Washington County,﻿Washington County,﻿Hartford,﻿Hartford,﻿WI,,,,,,,﻿m_deisenrider_001,﻿Rev.,﻿M. Deisenrider,,,,,,,,1865,﻿,﻿,﻿Milwaukee,Milwaukee
﻿mil.wi.0099,﻿church,﻿St. Kilian's,English,,,,﻿Washington County,﻿Washington County,﻿Hartford,﻿Hartford,﻿WI,,,,,,,﻿p_schwaiger_001,﻿Rev.,﻿P. Schwaiger,,,,,,,,1865,﻿,﻿,﻿Milwaukee,Milwaukee
﻿mil.wi.0100,﻿church,﻿St. Francis',English,,,,﻿Grant County,﻿Grant County,﻿Hazel Green,﻿Hazel Green,﻿WI,,,,,﻿Visited by the Dominican Fathers,,,,,,,,,,,,1865,﻿,﻿,﻿Milwaukee,Milwaukee
﻿mil.wi.0101,﻿church,﻿St. John's,English,,,,﻿Dodge County,﻿Dodge County,﻿Herman,﻿Herman,﻿WI,,,,,﻿Attended from Hartford,,,,,,,,,,,,1865,﻿,﻿,﻿Milwaukee,Milwaukee
﻿mil.wi.0102,﻿church,﻿St. Joseph's,English,,,,﻿Sheboygan County,﻿Sheboygan County,﻿Herman,﻿Herman,﻿WI,,,,,﻿Attended by Rev. M. Weiss,,﻿m_weiss_001,﻿Rev.,﻿M. Weiss,,,,,,,,1865,﻿,﻿,﻿Milwaukee,Milwaukee
﻿mil.wi.0103,﻿church,﻿St. Fidelis',English,,,,﻿Sheboygan County,﻿Sheboygan County,﻿Herman,﻿Herman,﻿WI,,,,,﻿Attended by Rev. M. Weiss,,,﻿Rev.,﻿M. Weiss,,,,,,,,1865,﻿,﻿,﻿Milwaukee,Milwaukee
﻿mil.wi.0104,﻿church,﻿St. Philip's,English,,,,﻿Iowa County,﻿Iowa County,﻿Highland,﻿Highland,﻿WI,,,,,,,﻿t_mcdonnell_001,﻿Rev.,﻿T. McDonnell,,,,,,,,1865,﻿,﻿,﻿Milwaukee,Milwaukee
﻿mil.wi.0105,﻿church,﻿St. John Nepomucene,English,,,,﻿Iowa County,﻿Iowa County,﻿Highland,﻿Highland,﻿WI,,,,,,,﻿f_x_weinhart_001,﻿Rev.,﻿F. X. Weinhart,,,,,,,,1865,﻿,﻿,﻿Milwaukee,Milwaukee
﻿mil.wi.0346,﻿church,﻿St. Francis Xav.,English,,,,﻿Brown County,,﻿Holland Town,,﻿WI,,,,,,,﻿j_luytelaar_001,﻿Rev.,﻿J. Luytelaar,,,,,,,,1865,﻿,﻿,﻿Milwaukee,Milwaukee
﻿mil.wi.0106,﻿church,﻿St. Malachy's,English,,,,﻿Dodge County,﻿Dodge County,﻿Horicon,﻿Horicon,﻿WI,,,,,﻿Attended from Beaver Dam,,,,,,,,,,,,1865,﻿,﻿,﻿Milwaukee,Milwaukee
﻿mil.wi.0107,﻿church,﻿St. Anne's,English,,,,﻿Calumet County,﻿Calumet County,﻿Holstein,﻿New Holstein,﻿WI,,,,,﻿Attended from Calvary,,,,,,,,,,,,1865,﻿,﻿,﻿Milwaukee,Milwaukee
﻿lac.wi.0098,﻿church,﻿St. Mary's of Loretto,English,,,,﻿Sauk County,,﻿Honey Creek,,﻿WI,,,,,﻿Attended from Sac City,,,,,,,,,,,,1865,﻿,﻿,﻿Milwaukee,Milwaukee
﻿mil.wi.0109,﻿church,﻿St. Augustine's,English,,,,﻿Washington County,﻿Washington County,﻿Jackson,﻿Jackson,﻿WI,,,,,﻿Attended by Rev. W. Storr,,,﻿Rev.,﻿W. Storr,,,,,,,,1865,﻿,﻿,﻿Milwaukee,Milwaukee
﻿mil.wi.0110,﻿church,﻿St. Mary's Immaculate Conception,English,,,,﻿Washington County,﻿Washington County,﻿Jackson,﻿Jackson,﻿WI,,,,,﻿Attended by Rev. W. Dougherty,,﻿w_dougherty_001,﻿Rev.,﻿W. Dougherty,,,,,,,,1865,﻿,﻿,﻿Milwaukee,Milwaukee
﻿mil.wi.0111,﻿church,﻿St. Cuthbert's,English,,,,﻿Rock County,﻿Rock County,﻿Janesville,﻿Janesville,﻿WI,,,,,,,﻿jam_doyle_001,﻿Rev.,﻿James Doyle,,,,,,,,1865,﻿,﻿,﻿Milwaukee,Milwaukee
﻿mil.wi.0112,﻿church,﻿St. John Baptist's,English,,,,﻿Jefferson County,﻿Jefferson County,﻿Jefferson,﻿Jefferson,﻿WI,,,,,,,﻿j_jansen_001,﻿Rev.,﻿J. Jansen,,,,,,,,1865,﻿,﻿,﻿Milwaukee,Milwaukee
﻿mil.wi.0113,﻿church,﻿St. Lawrence's,English,,,,﻿Jefferson County,﻿Jefferson County,﻿Jefferson,﻿Jefferson,﻿WI,,,,,,,﻿j_jansen_001,﻿Rev.,﻿J. Jansen,,,,,,,,1865,﻿,﻿,﻿Milwaukee,Milwaukee
﻿lac.wi.0014,﻿church,﻿Nativity B.V.M.,English,,,,﻿Monroe County,﻿Monroe County,﻿Jefferson,﻿Jefferson,﻿WI,,43.798096,-90.686868,,﻿Attended from Lacrosse,,,,,,,,,,,,1865,﻿,﻿,﻿Milwaukee,Milwaukee
﻿lac.wi.0099,﻿church,﻿St. Fridolin,English,,,,﻿Sauk County,,﻿Ironton,,﻿WI,,,,,﻿Attended by Rev. W. Bernard,,﻿w_bernard_002,﻿Rev.,﻿W. Bernard,,,,,,,,1865,﻿,﻿,﻿Milwaukee,Milwaukee
﻿mil.wi.0114,﻿church,﻿St. Mark's,English,,,,﻿Kenosha County,﻿Kenosha County,﻿Kenosha,﻿Kenosha,﻿WI,,,,,,,﻿g_riordan_001,﻿Rev.,﻿G. Riordan,,,,,,,,1865,﻿,﻿,﻿Milwaukee,Milwaukee
﻿mil.wi.0115,﻿church,﻿St. George's,English,,,,﻿Kenosha County,﻿Kenosha County,﻿Kenosha,﻿Kenosha,﻿WI,,,,,,,﻿f_welter_001,﻿Rev.,﻿F. Welter,,,,,,,,1865,﻿,﻿,﻿Milwaukee,Milwaukee
﻿gre.wi.0015,﻿church,﻿Holy Rosary,English,,,,﻿Kewaunee County,﻿Kewaunee County,﻿Kewaunee,﻿Kewaunee,﻿WI,,,,,,,﻿e_van-steenwyck_001,﻿Rev.,﻿E. Van Steenwyck,,,,,,,,1865,﻿,﻿,﻿Milwaukee,Milwaukee
﻿gre.wi.0014,﻿mission,﻿St. Michael's,English,"﻿Mission of the Menomonee Tribe, vacant.",,,﻿Shawano County,﻿Menominee County,﻿Keshena,﻿Keshena,﻿WI,,,,,,,,,,,,,,,,,1865,﻿,﻿,﻿Milwaukee,Milwaukee
﻿mil.wi.0117,﻿church,﻿St. Bridget's,English,,,,﻿Washington County,﻿Washington County,﻿Kewaskee,﻿Kewaskum,﻿WI,,,,,,,﻿c_rehrl_001,﻿Rev.,﻿C. Rehrl,,,,,,,,1865,﻿,﻿,﻿Milwaukee,Milwaukee
﻿mil.wi.0118,﻿church,﻿St. Michael's,English,,,,﻿Washington County,﻿Washington County,﻿Kewaskum,﻿Kewaskum,﻿WI,,,,,﻿Attended by Rev. J. Reindl,,﻿j_reindl_001,﻿Rev.,﻿J. Reindl,,,,,,,,1865,﻿,﻿,﻿Milwaukee,Milwaukee
﻿mil.wi.0119,﻿church,﻿Holy Trinity,English,,,,﻿Washington County,﻿Washington County,﻿Kewaskum,﻿Kewaskum,﻿WI,,,,,﻿Attended by Rev. J. Reindl,,﻿j_reindl_001,﻿Rev.,﻿J. Reindl,,,,,,,,1865,﻿,﻿,﻿Milwaukee,Milwaukee
﻿mil.wi.0350,﻿church,﻿St. Cæcilia's,English,,,,﻿Columbia County,,﻿Kilburn City,,﻿WI,,,,,﻿Attended by Rev. P. Montague,,﻿p_montague_002,﻿Rev.,﻿P. Montague,,,,,,,,1865,﻿,﻿,﻿Milwaukee,Milwaukee
﻿lac.wi.0100,﻿church,﻿St. Bridget's,English,,,,﻿Juneau County,,﻿Kildare,,﻿WI,,,,,,,﻿p_montague_002,﻿Rev.,﻿P. Montague,,,,,,,,1865,﻿,﻿,﻿Milwaukee,Milwaukee
﻿gre.wi.0016,﻿church,﻿St. Ann's,English,,,,﻿Manitowoc County,﻿Manitowoc County,﻿Kossuth,﻿Kossuth,﻿WI,,,,,,,﻿j_mally_001,﻿Rev.,﻿J. Mally,,,,,,,,1865,﻿,﻿,﻿Milwaukee,Milwaukee
﻿mil.wi.0120,﻿church,﻿St. James',English,,,,﻿Milwaukee County,﻿Milwaukee County,﻿Lake Town,﻿Lake,﻿WI,,,,,﻿Attended from New-Coeln,,,,,,,,,,,,1865,﻿,﻿,﻿Milwaukee,Milwaukee
﻿mil.wi.0121,﻿church,﻿St. Mary's ad Fontem,English,,,,﻿Marquette County,,"﻿La Cote, St. Marie",,﻿WI,,,,,﻿Attended by Rev. E. Gray,,﻿e_gray_001,﻿Rev.,﻿E. Gray,,,,,,,,1865,﻿,﻿,﻿Milwaukee,Milwaukee
﻿lac.wi.0001,﻿church,﻿St. Mary's,English,,,,﻿La Crosse County,,﻿La Crosse,﻿La Crosse,﻿WI,,43.813775,-91.251902,,,,﻿m_m_marco_001,﻿Rev.,﻿M. M. Marco,,,,,,,,1865,﻿,﻿,﻿Milwaukee,Milwaukee
﻿mil.wi.0122,﻿church,﻿St. Columban's,English,,,,﻿Waukesha County,﻿Waukesha County,﻿Lake Five,﻿Lake Five,﻿WI,,,,,﻿Attended from Monchess,,,,,,,,,,,,1865,﻿,﻿,﻿Milwaukee,Milwaukee
﻿lac.wi.0101,﻿church,﻿St. Joseph's,English,,,,﻿La Pointe County,,﻿La Pointe,,﻿WI,,,,,﻿Attended from Bayfield,,,,,,,,,,,,1865,﻿,﻿,﻿Milwaukee,Milwaukee
﻿mil.wi.0123,﻿church,﻿St. Clement's,English,,,,﻿Grant County,﻿Grant County,﻿Lancaster,﻿Lancaster,﻿WI,,,,,﻿Attended by Rev. H. Verhaef,,﻿h_verhaef_001,﻿Rev.,﻿H. Verhaef,,,,,,,,1865,﻿,﻿,﻿Milwaukee,Milwaukee
﻿lac.wi.0102,﻿church,﻿St. James',English,,,,﻿Bad Axe County,,﻿Liberty Pole,,﻿WI,,,,,﻿Attended by Rev. P. Murphy,,﻿p_murphy_004,﻿Rev.,﻿P. Murphy,,,,,,,,1865,﻿,﻿,﻿Milwaukee,Milwaukee
﻿mil.wi.0124,﻿church,﻿St. Rosa's,English,,,,﻿Sheboygan County,﻿Sheboygan County,﻿Lima,﻿Lima,﻿WI,,,,,﻿Visited from Sheboygan,,,,,,,,,,,,1865,﻿,﻿,﻿Milwaukee,Milwaukee
﻿lac.wi.0103,﻿church,﻿St. Michael's,English,,,,﻿Juneau County,,﻿Lindina,,﻿WI,,,,,﻿Attended from Lisbon,,,,,,,,,,,,1865,﻿,﻿,﻿Milwaukee,Milwaukee
﻿lac.wi.0016,﻿church,﻿St. Mary's,English,,,,﻿Juneau County,﻿Juneau County,﻿Lindon,﻿Lyndon,﻿WI,,,,,﻿Visited by Rev. P. Montague,,﻿p_montague_002,﻿Rev.,﻿P. Montague,,,,,,,,1865,﻿,﻿,﻿Milwaukee,Milwaukee
﻿gre.wi.0017,﻿church,﻿St. John Nepumucene,English,,,,﻿Outagamie County,﻿Outagamie County,﻿Little Chute,﻿Little Chute,﻿WI,,,,,,,﻿e_spierings_001,﻿Rev.,﻿E. Spierings,,,,,,,,1865,﻿,﻿,﻿Milwaukee,Milwaukee
﻿mil.wi.0126,﻿church,﻿St. Andrew's,English,,,,﻿Dodge County,﻿Dodge County,﻿Loomara,﻿Lomira,﻿WI,,,,,﻿Attended by Rev. E. Henzler,,﻿e_henzler_002,﻿Rev.,﻿E. Henzler,,,,,,,,1865,﻿,﻿,﻿Milwaukee,Milwaukee
﻿lac.wi.0104,﻿church,﻿St. Paul's,English,,,,﻿Juneau County,,﻿Lisbon,,﻿WI,,,,,,,﻿pet_lavin_002,﻿Rev.,﻿W. Kerrigan,,,,,,,,1865,﻿,﻿,﻿Milwaukee,Milwaukee
﻿mil.wi.0128,﻿church,﻿St. Raphael's,English,,,,﻿Dane County,﻿Dane County,﻿Madison,﻿Madison,﻿WI,,,,,,,﻿f_etschmann_001,﻿Rev.,﻿F. Etschmann,,,,,,,,1865,﻿,﻿,﻿Milwaukee,Milwaukee
﻿mil.wi.0129,﻿church,﻿Holy Redeemer's Church,﻿German,,,,﻿Dane County,﻿Dane County,﻿Madison,﻿Madison,﻿WI,,,,,,,﻿m_obermueller_001,﻿Rev.,﻿M. Obermueller,,,,,,,,1865,﻿,﻿,﻿Milwaukee,Milwaukee
﻿mil.wi.0130,﻿church,﻿St. Boniface's,English,,,,﻿Manitowoc County,﻿Manitowoc County,﻿Manitowoc,﻿Manitowoc,﻿WI,,,,,,,﻿j_stehle_001,﻿Rev.,﻿J. Stehle,,,,,,,,1865,﻿,﻿,﻿Milwaukee,Milwaukee
﻿mil.wi.0354,﻿church,﻿Holy Maternity,English,,,,﻿Manitowoc County,,﻿Manitowoc Rapids,,﻿WI,,,,,,,﻿j_stehle_001,﻿Rev.,﻿J. Stehle,,,,,,,,1865,﻿,﻿,﻿Milwaukee,Milwaukee
﻿mil.wi.0353,﻿church,﻿St. Charles Borromeo,English,,,,﻿Winnebago County,,﻿Manasha,,﻿WI,,,,,,,﻿w_wilkins_001,﻿Rev.,﻿W. Wilkins,,,,,,,,1865,﻿,﻿,﻿Milwaukee,Milwaukee
﻿gre.wi.0020,﻿church,﻿St. Patrick's,English,﻿vacant,,,﻿Manitowoc County,﻿Manitowoc County,﻿Maple Grove,﻿Maple Grove,﻿WI,,,,,,,,,,,,,,,,,1865,﻿,﻿,﻿Milwaukee,Milwaukee
﻿mil.wi.0131,﻿church,﻿St. Catharine's,English,,,,﻿Waukesha County,﻿Waukesha County,﻿Maple Town,﻿Oconomowoc,﻿WI,,,,,,,﻿m_hobbs_001,﻿Rev.,﻿M. Hobbs,,,,,,,,1865,﻿,﻿,﻿Milwaukee,Milwaukee
﻿lac.wi.0017,﻿church,﻿St. Mary's Nativity,English,,,,﻿Marathon County,﻿Marathon County,﻿Marathon,﻿Marathon,﻿WI,,44.930472,-89.84021,,﻿Visited by Rev. L. Lux,,﻿l_lux_002,﻿Rev.,﻿L. Lux,,,,,,,,1865,﻿,﻿,﻿Milwaukee,Milwaukee
﻿mil.wi.0132,﻿church,﻿Holy Cross,English,,,,﻿Fond du Lac County,﻿Fond du Lac County,﻿Marshfield,﻿Marshfield,﻿WI,,,,,,,,﻿Very Rev.,﻿G. Haas,﻿O.M.C.,,"﻿and other Fathers, O.M.C.",,,,,1865,﻿,﻿,﻿Milwaukee,Milwaukee
﻿mil.wi.0134,﻿church,﻿Visitation B.V.M.,English,,,,﻿Calumet County,﻿Fond du Lac County,﻿Mary Town,﻿Marytown,﻿WI,,,,,,,﻿bon_frey_002,﻿Rev.,﻿Bonav. Frey,﻿O.M.C.,,,,,,,1865,﻿,﻿,﻿Milwaukee,Milwaukee
﻿mil.wi.0135,﻿church,﻿St. Mary's,English,,,,﻿Dodge County,﻿Dodge County,﻿Mayville,﻿Mayville,﻿WI,,,,,,,﻿e_henzler_002,﻿Rev.,﻿E. Henzler,,,,,,,,1865,﻿,﻿,﻿Milwaukee,Milwaukee
﻿mil.wi.0136,﻿church,﻿St. Isidore's,English,,,,﻿Manitowoc County,﻿Manitowoc County,﻿Meeme,﻿Meeme,﻿WI,,,,,,,﻿o_mcginnity_001,﻿Rev.,﻿O. McGinnity,,,,,,,,1865,﻿,﻿,﻿Milwaukee,Milwaukee
﻿lac.wi.0105,﻿church,﻿St. Francis Assisium,English,,,,﻿Dunn County,,﻿Menomenee,,﻿WI,,,,,﻿Attended by Rev. B. Smeddink,,﻿j_b_smeddink_001,﻿Rev.,﻿B. Smeddink,,,,,,,,1865,﻿,﻿,﻿Milwaukee,Milwaukee
﻿mil.wi.0137,﻿church,﻿St. Mary's Immaculate Conception,English,,,,﻿Grant County,﻿Grant County,﻿Menomenee,﻿Hazel Green,﻿WI,,,,,﻿Attended by Rev. H. J. Muckerheide,,﻿h_j_muckerheide_001,﻿Rev.,﻿H. J. Muckerheide,,,,,,,,1865,﻿,﻿,﻿Milwaukee,Milwaukee
﻿mil.wi.0138,﻿church,﻿St. James',English,,,,﻿Waukesha County,﻿Waukesha County,﻿Menomonee,﻿Menomonee Falls,﻿WI,,,,,,,﻿a_oconnor_001,﻿Rev.,﻿A. O'Connor,,,,,,,,1865,﻿,﻿,﻿Milwaukee,Milwaukee
﻿mil.wi.0443,﻿church,﻿St. Anthony's,English,,,,﻿Waukesha County,﻿Waukesha County,﻿Menomonee,﻿Menomonee Falls,﻿WI,,,,,,,,﻿Rev.,﻿L. M. Mueller,,,,,,,,1865,﻿,﻿,﻿Milwaukee,Milwaukee
﻿mil.wi.0139,﻿church,﻿St. James',English,,,,﻿Ozaukee County,﻿Washington County,﻿Mequon,﻿Mequon,﻿WI,,,,,﻿Attended by Rev. W. Storr,,﻿w_storr_001,﻿Rev.,﻿W. Storr,,,,,,,,1865,﻿,﻿,﻿Milwaukee,Milwaukee
﻿mil.wi.0140,﻿church,﻿St. John Baptist's,English,,,,﻿Grant County,﻿Iowa County,﻿Mifflin,﻿Miffin,﻿WI,,,,,﻿Attended from Potosi,,,,,,,,,,,,1865,﻿,﻿,﻿Milwaukee,Milwaukee
﻿mil.wi.0141,﻿church,﻿St. Malachy's,English,,,,﻿Jefferson County,﻿Jefferson County,﻿Milford,﻿Milford,﻿WI,,,,,﻿Attended by Rev. H. Roche,,﻿h_roche_001,﻿Rev.,﻿H. Roche,,,,,,,,1865,﻿,﻿,﻿Milwaukee,Milwaukee
﻿mil.wi.0142,﻿church,﻿St. Paul's,English,,,,﻿Iowa County,﻿Iowa County,﻿Mineral Point,﻿Mineral Point,﻿WI,,,,,,,﻿f_mcgann_001,﻿Rev.,﻿F. McGann,,,,,,,,1865,﻿,﻿,﻿Milwaukee,Milwaukee
﻿mil.wi.0355,﻿church,﻿Invention of the Holy Cross,English,,,,﻿Manitowoc County,,﻿Mishicot,,﻿WI,,,,,"﻿Attended by Rev. Bonavent De Goy, O.M.C.",,﻿bon_de-goy_001,﻿Rev.,﻿Bonavent De Goy,﻿O.M.C.,,,,,,,1865,﻿,﻿,﻿Milwaukee,Milwaukee
﻿mil.wi.0356,﻿church,﻿St. Mary's,English,,,,﻿Manitowoc County,,﻿Mishicot,,﻿WI,,,,,﻿Attended by Rev. J. Maly,,﻿f_lang_001,﻿Rev.,﻿J. Maly,,,,,,,,1865,﻿,﻿,﻿Milwaukee,Milwaukee
﻿mil.wi.0444,﻿church,﻿St. Francis Regis,English,,,,﻿Sheboygan County,﻿Sheboygan County,﻿Mitchell,﻿Mitchell,﻿WI,,,,,﻿Attended from Cascade,,,,,,,,,,,,1865,﻿,﻿,﻿Milwaukee,Milwaukee
﻿mil.wi.0144,﻿church,﻿St. John's,English,,,,﻿Waukesha County,﻿Waukesha County,﻿Monches,﻿Merton,﻿WI,,,,,,,﻿f_tiernan_001,﻿Rev.,﻿F. Tiernan,,,,,,,,1865,﻿,﻿,﻿Milwaukee,Milwaukee
﻿mil.wi.0145,﻿church,﻿St. Victor's,English,,,,﻿Green County,﻿Green County,﻿Monroe,﻿Monroe,﻿WI,,,,,,,﻿f_r_sullivan_001,﻿Rev.,﻿F. R. Sullivan,,,,,,,,1865,﻿,﻿,﻿Milwaukee,Milwaukee
﻿mil.wi.0357,﻿church,﻿Gethsemane Church,English,,,,﻿Marquette County,,﻿Montello,,﻿WI,,,,,,,﻿a_fagan_001,﻿Rev.,﻿A. Fagan,,,,,,,,1865,﻿,﻿,﻿Milwaukee,Milwaukee
﻿mil.wi.0147,﻿church,﻿St. Lawrence O'Toole's,English,,,,﻿Grant County,﻿Grant County,﻿Mount Hope,﻿Mount Hope,﻿WI,,,,,﻿Attended by Rev. D. McGinnity,,﻿d_mcginnity_001,﻿Rev.,﻿D. McGinnity,,,,,,,,1865,﻿,﻿,﻿Milwaukee,Milwaukee
﻿mil.wi.0359,﻿church,﻿St. Patrick's,English,,,,﻿Juneau County,,﻿Mouston,,﻿WI,,,,,﻿Visited by Rev. P. Montague,,,﻿P. Montague,,,,,,,,,1865,﻿,﻿,﻿Milwaukee,Milwaukee
﻿mil.wi.0148,﻿church,﻿St. Barnabas',English,,,,﻿Dane County,﻿Dane County,﻿Mozzomanie,﻿Mazomanie,﻿WI,,,,,,,﻿d_mcginnity_001,﻿Rev.,﻿D. McGinnity,,,,,,,,1865,﻿,﻿,﻿Milwaukee,Milwaukee
﻿mil.wi.0149,﻿church,﻿St. Bartholomew's,English,,,,﻿Grant County,﻿Grant County,﻿Muscoda,﻿Muscoda,﻿WI,,,,,﻿Attended by Rev. F. Weinhart,,﻿f_x_weinhart_001,﻿Rev.,﻿F. Weinhart,,,,,,,,1865,﻿,﻿,﻿Milwaukee,Milwaukee
﻿mil.wi.0151,﻿church,﻿St. Valerius',English,,,,﻿Waukesha County,﻿Waukesha County,﻿New-Berlin,﻿New Berlin,﻿WI,,,,,﻿Attended from Franklin,,,,,,,,,,,,1865,﻿,﻿,﻿Milwaukee,Milwaukee
﻿mil.wi.0152,﻿church,﻿Holy Trinity,English,,,,﻿Washington County,﻿Washington County,﻿Newburgh,﻿Newburg,﻿WI,,,,,,,﻿f_zuber_001,﻿Rev.,﻿F. Zuber,,,,,,,,1865,﻿,﻿,﻿Milwaukee,Milwaukee
﻿mil.wi.0155,﻿church,﻿St. Stephens's,English,,,,﻿Milwaukee County,﻿Milwaukee County,﻿New-Coeln,﻿Milwaukee,﻿WI,,,,,,,﻿m_minderer_001,﻿Rev.,﻿M. Minderer,,,,,,,,1865,﻿,﻿,﻿Milwaukee,Milwaukee
﻿mil.wi.0150,﻿church,﻿St. Matthew's,English,,,,﻿Dodge County,﻿Dodge County,﻿Neosho,﻿Neosho,﻿WI,,,,,﻿Attended by Rev. P. Schwaiger,,,﻿Rev.,﻿P. Schwaiger,,,,,,,,1865,﻿,﻿,﻿Milwaukee,Milwaukee
﻿mil.wi.0154,﻿church,﻿St. Augustine's,English,,,,﻿Lafayette County,﻿Lafayette County,﻿New-Diggings,﻿New Diggings,﻿WI,,,,,"﻿Attended by Rev. H. Nuyts, O.S.C.",,﻿h_nuyts_001,﻿Rev.,﻿H. Nuyts,﻿O.S.C.,,,,,,,1865,﻿,﻿,﻿Milwaukee,Milwaukee
﻿gre.wi.0022,﻿church,﻿St. Kilian's,English,,,,﻿Brown County,﻿Brown County,﻿New-Franklin,﻿New Franken,﻿WI,,,,,"﻿Attended by Very Rev. E. Daems, O.S.C.",,﻿e_daems_002,﻿Very Rev.,﻿E. Daems,﻿O.S.C.,,,,,,,1865,﻿,﻿,﻿Milwaukee,Milwaukee
﻿mil.wi.0361,﻿church,﻿St. Francis',English,,,,﻿Waupaca County,,﻿New-London,,﻿WI,,,,,,,﻿m_spierings_001,﻿Rev.,﻿M. Spierings,﻿O.S.C.,,,,,,,1865,﻿,﻿,﻿Milwaukee,Milwaukee
﻿mil.wi.0157,﻿church,﻿St. Peter's,English,,,,﻿Manitowoc County,﻿Manitowoc County,﻿Newtown,﻿Newtown,﻿WI,,,,,﻿Attended from Manitowoc,,,,,,,,,,,,1865,﻿,﻿,﻿Milwaukee,Milwaukee
﻿mil.wi.0362,﻿church,﻿St. Francis of Sales,English,,,,﻿Milwaukee County,,﻿Nojoshing,,﻿WI,,,,,,,﻿m_heiss_002,﻿Rev.,﻿M. Heiss,,﻿Rector,,,,,,1865,﻿,﻿,﻿Milwaukee,Milwaukee
﻿mil.wi.0362,﻿church,﻿St. Francis of Sales,English,,,,﻿Milwaukee County,,﻿Nojoshing,,﻿WI,,,,,,,,﻿Rev. Dr.,﻿Salzmann,,,﻿etc.,,,,,1865,﻿,﻿,﻿Milwaukee,Milwaukee
﻿mil.wi.0158,﻿church,﻿St. Matthew's,English,﻿vacant,,,﻿Milwaukee County,﻿Milwaukee County,﻿Oak Creek,﻿Oak Creek,﻿WI,,,,,,,,,,,,,,,,,1865,﻿,﻿,﻿Milwaukee,Milwaukee
﻿lac.wi.0106,﻿church,﻿Nativity B.V.M.,English,,,,﻿Pierce County,,﻿Oak Grove,,﻿WI,,,,,﻿Attended from Hudson City,,,,,,,,,,,,1865,﻿,﻿,﻿Milwaukee,Milwaukee
﻿mil.wi.0159,﻿church,﻿St. Jerome's,English,,,,﻿Waukesha County,﻿Waukesha County,﻿Oconomowoc,﻿Oconomowoc,﻿WI,,,,,﻿Visited by Rev. M. Hobbs,,﻿m_hobbs_001,﻿Rev.,﻿M. Hobbs,,,,,,,,1865,﻿,﻿,﻿Milwaukee,Milwaukee
﻿gre.wi.0024,﻿church,﻿St. Peter's,English,,,,﻿Oconto County,﻿Oconto County,﻿Oconto,﻿Oconto,﻿WI,,,,,,,﻿a_mignault_001,﻿Rev.,﻿A. Mignault,,,,,,,,1865,﻿,﻿,﻿Milwaukee,Milwaukee
﻿mil.wi.0160,﻿church,﻿St. Matthew's,English,,,,﻿Fond du Lac County,﻿Fond du Lac County,﻿Osceola,﻿Osceola,﻿WI,,,,,﻿Visited from Foresttown,,,,,,,,,,,,1865,﻿,﻿,﻿Milwaukee,Milwaukee
﻿gre.wi.0025,﻿church,﻿St. Peter's,English,,,,﻿Winnebago County,﻿Winnebago County,﻿Oshkosh,﻿Oshkosh,﻿WI,,,,,,,﻿tho_keenan_001,﻿Rev.,﻿Thomas Keenan,,,,,,,,1865,﻿,﻿,﻿Milwaukee,Milwaukee
﻿gre.wi.0026,﻿church,﻿St. Mary's,﻿German,,,,﻿Winnebago County,﻿Winnebago County,﻿Oshkosh,﻿Oshkosh,﻿WI,,,,,,,﻿tho_keenan_001,﻿Rev.,﻿Thomas Keenan,,,,,,,,1865,﻿,﻿,﻿Milwaukee,Milwaukee
﻿mil.wi.0453,﻿church,﻿St. Columban's,English,,,,﻿Iowa County,,﻿Otter Creek,,﻿WI,,,,,﻿Attended from Highland,,,,,,,,,,,,1865,﻿,﻿,﻿Milwaukee,Milwaukee
﻿mil.wi.0164,﻿church,﻿St. Bruno's,English,,,,﻿Waukesha County,﻿Waukesha County,﻿Ottowa,﻿Ottawa,﻿WI,,,,,,,﻿l_schreiner_001,﻿Rev.,﻿L. Schreiner,,,,,,,,1865,﻿,﻿,﻿Milwaukee,Milwaukee
﻿mil.wi.0165,﻿church,﻿St. John Baptist's,English,,,,﻿Kenosha County,﻿Kenosha County,﻿Paris,﻿Paris,﻿WI,,,,,﻿Visited by Rev. H. J. Albers,,,﻿Rev.,﻿H. J. Albers,,,,,,,,1865,﻿,﻿,﻿Milwaukee,Milwaukee
﻿mil.wi.0166,﻿church,﻿St. John's,English,,,,﻿Grant County,﻿Grant County,﻿Patchgrove,﻿Patch Grove,﻿WI,,,,,﻿Visited by Rev. D. McGinnity,,﻿d_mcginnity_001,﻿Rev.,﻿D. McGinnity,,,,,,,,1865,﻿,﻿,﻿Milwaukee,Milwaukee
﻿mil.wi.0167,﻿church,﻿St. Salvator's,English,,,,﻿Dane County,﻿Dane County,﻿Perry,﻿Perry,﻿WI,,,,,﻿Visited by Rev. P. J. Voissen,,﻿p_j_voissen_001,﻿Rev.,﻿P. J. Voissen,,,,,,,,1865,﻿,﻿,﻿Milwaukee,Milwaukee
﻿mil.wi.0168,﻿church,﻿SS. Peter and Paul's,English,,,,﻿Waukesha County,﻿Waukesha County,﻿Pewaukee,﻿Pewaukee,﻿WI,,,,,﻿Attended by Rev. L. Mueller,,﻿l_mueller_001,﻿Rev.,﻿L. Mueller,,,,,,,,1865,﻿,﻿,﻿Milwaukee,Milwaukee
﻿mil.wi.0170,﻿church,﻿St. Mary's,English,,,,﻿Grant County,﻿Grant County,﻿Platteville,﻿Platteville,﻿WI,,,,,,,﻿cha_elex_001,﻿Rev.,﻿Charles Elex,,,,,,,,1865,﻿,﻿,﻿Milwaukee,Milwaukee
﻿mil.wi.0171,﻿church,﻿St. John's,English,,,,﻿Sheboygan County,﻿Sheboygan County,﻿Plymouth,﻿Plymouth,﻿WI,,,,,﻿Visited by Rev. M. Haider,,﻿m_haider_001,﻿Rev.,﻿M. Haider,,,,,,,,1865,﻿,﻿,﻿Milwaukee,Milwaukee
﻿gre.wi.0027,﻿church,﻿St. Mary's Im. Concept.,English,,,,﻿Columbia County,﻿Columbia County,﻿Portage City,﻿Portage,﻿WI,,,,,,,﻿p_oneill_003,﻿Rev.,﻿P. O'Neill,,,,,,,,1865,﻿,﻿,﻿Milwaukee,Milwaukee
﻿mil.wi.0172,﻿church,﻿St. Mary's,English,,,,﻿Ozaukee County,﻿Ozaukee County,﻿Port Washington,﻿Port Washington,﻿WI,,,,,,,﻿x_f_sailer_001,﻿Rev.,﻿X. F. Sailer,﻿O. Pr.,,,,,,,1865,﻿,﻿,﻿Milwaukee,Milwaukee
﻿mil.wi.0173,﻿church,﻿St. Thomas',English,,,,﻿Grant County,﻿Grant County,﻿Potosi,﻿Potosi,﻿WI,,,,,,,﻿w_c_verhoef_001,﻿Rev.,﻿W. C. Verhoef,﻿O.S.C.,,,,,,,1865,﻿,﻿,﻿Milwaukee,Milwaukee
﻿mil.wi.0174,﻿church,﻿St. Andrew's,English,,,,﻿Grant County,﻿Grant County,﻿Potosi,﻿Potosi,﻿WI,,,,,,,﻿h_j_muckerheide_001,﻿Rev.,﻿H. J. Muckerheide,,,,,,,,1865,﻿,﻿,﻿Milwaukee,Milwaukee
﻿mil.wi.0175,﻿church,﻿St. Michael's,English,,,,﻿Rock County,,﻿Pottertown,,﻿WI,,,,,﻿Attended by Rev. W. O'Connell,,﻿wil_oconnell_001,﻿Rev.,﻿W. O'Connell,,,,,,,,1865,﻿,﻿,﻿Milwaukee,Milwaukee
﻿mil.wi.0364,﻿church,﻿St. Thomas',English,,,,﻿Winnebago County,,﻿Poygan,,﻿WI,,,,,﻿Visited by Rev. T. Keenan,,﻿th_keenan_001,﻿Rev.,﻿T. Keenan,,,,,,,,1865,﻿,﻿,﻿Milwaukee,Milwaukee
﻿mil.wi.0365,﻿church,﻿St. Joseph's,﻿Polish,,,,﻿Portage County,,﻿Prairie,,﻿WI,,,,,,,﻿bon_buenzynski_001,﻿Rev.,﻿Bonav. Buenzynski,,,,,,,,1865,﻿,﻿,﻿Milwaukee,Milwaukee
﻿mil.wi.0366,﻿church,﻿St. Martin's,English,,,,﻿Portage County,,﻿Prairie,,﻿WI,,,,,﻿Attended by Rev. L. Lux,,﻿l_lux_002,﻿Rev.,﻿L. Lux,,,,,,,,1865,﻿,﻿,﻿Milwaukee,Milwaukee
﻿lac.wi.0019,﻿church,﻿St. Gabriel's,English,,,,﻿Crawford County,﻿Crawford County,﻿Prairie du Chien,﻿Prairie du Chien,﻿WI,,43.058349,-91.146135,,,,﻿l_galtier_001,﻿Very Rev.,﻿L. Galtier,,,,,,,,1865,﻿,﻿,﻿Milwaukee,Milwaukee
﻿mil.wi.0176,﻿church,﻿St. Patrick's,English,,,,﻿Racine County,﻿Racine County,﻿Racine,﻿Racine,﻿WI,,,,,,,﻿g_w_matthews_001,﻿Rev.,﻿G. W. Matthews,,,,,,,,1865,﻿,﻿,﻿Milwaukee,Milwaukee
﻿mil.wi.0177,﻿church,﻿St. Mary's,English,,,,﻿Racine County,﻿Racine County,﻿Racine,﻿Racine,﻿WI,,,,,,,﻿f_uhlemeier_001,﻿Rev.,﻿F. Uhlemeyer,,,,,,,,1865,﻿,﻿,﻿Milwaukee,Milwaukee
﻿mil.wi.0116,﻿church,﻿St. Pius V,English,,,,﻿Lafayette County,,﻿Randall,,﻿WI,,,,,﻿Attended by Rev. A. David,,,﻿Rev.,﻿A. David,,,,,,,,1865,﻿,﻿,﻿Milwaukee,Milwaukee
﻿mil.wi.0178,﻿church,﻿St. Hubert's,English,,,,﻿Washington County,﻿Washington County,﻿Richfield,﻿Richfield,﻿WI,,,,,﻿Attended by Rev. G. Strickner,,,﻿Rev.,﻿G. Strickner,,,,,,,,1865,﻿,﻿,﻿Milwaukee,Milwaukee
﻿mil.wi.0180,﻿church,﻿St. Augustine's,English,,,,﻿Washington County,﻿Washington County,﻿Richfield,﻿Richfield,﻿WI,,,,,﻿Attended by Rev. G. Strickner,,,﻿Rev.,﻿G. Strickner,,,,,,,,1865,﻿,﻿,﻿Milwaukee,Milwaukee
﻿mil.wi.0179,﻿church,﻿Holy Maternity,English,,,,﻿Washington County,﻿Washington County,﻿Richfield,﻿Richfield,﻿WI,,,,,﻿Attended by Rev. G. Strickner,,,﻿Rev.,﻿G. Strickner,,,,,,,,1865,﻿,﻿,﻿Milwaukee,Milwaukee
﻿mil.wi.0181,﻿church,﻿St. Joseph's,English,,,,﻿Jefferson County,﻿Dodge County,﻿Richwood,﻿Richwood,﻿WI,,,,,,,﻿h_roche_001,﻿Rev.,﻿H. Roche,,,,,,,,1865,﻿,﻿,﻿Milwaukee,Milwaukee
﻿lac.wi.0108,﻿church,﻿St. Finbar's,English,,,,﻿Monroe County,,﻿Ridgeville,,﻿WI,,,,,﻿Attended from Lisbon,,,,,,,,,,,,1865,﻿,﻿,﻿Milwaukee,Milwaukee
﻿mil.wi.0182,﻿church,﻿St. Bridget's,English,,,,﻿Iowa County,﻿Iowa County,﻿Ridgeway,﻿Ridgeway,﻿WI,,,,,﻿Attended by F. McGann,,﻿f_mcgann_001,﻿Rev.,﻿F. McGann,,,,,,,,1865,﻿,﻿,﻿Milwaukee,Milwaukee
﻿mil.wi.0183,﻿church,﻿St. Patrick's,English,,,,﻿Fond du Lac County,﻿Fond du Lac County,﻿Ripon,﻿Ripon,﻿WI,,,,,,,﻿e_gray_001,﻿Rev.,﻿E. Gray,,,,,,,,1865,﻿,﻿,﻿Milwaukee,Milwaukee
﻿gre.wi.0029,﻿church,﻿St. Joseph's,English,﻿vacant,,,﻿Brown County,﻿Brown County,﻿Robinsonville,﻿Champion,﻿WI,,,,,,,,,,,,,,,,,1865,﻿,﻿,﻿Milwaukee,Milwaukee
﻿mil.wi.0369,﻿church,﻿St. Hubert's,English,,,,﻿Door County,,﻿Rosiere,,﻿WI,,,,,﻿Attended by the Fathers of the Holy Cross,,,,,,,,,,,,1865,﻿,﻿,﻿Milwaukee,Milwaukee
﻿mil.wi.0184,﻿church,﻿St. Norbert's,English,,,,﻿Dane County,﻿Dane County,﻿Roxbury,﻿Roxbury,﻿WI,,,,,,,﻿a_inama_001,﻿Rev.,﻿A. Inama,﻿O. Praem,,,,,,,1865,﻿,﻿,﻿Milwaukee,Milwaukee
﻿mil.wi.0187,﻿church,﻿St. Martin's,English,,,,﻿Dane County,﻿Dane County,﻿Springfield,﻿Springfield,﻿WI,,,,,,,﻿a_foeckler_001,﻿Rev.,﻿A. Foeckler,,,,,,,,1865,﻿,﻿,﻿Milwaukee,Milwaukee
﻿mil.wi.0188,﻿church,﻿St. Peter's,English,,,,﻿Dane County,﻿Dane County,﻿Springfield,﻿Springfield,﻿WI,,,,,,,﻿a_foeckler_001,﻿Rev.,﻿A. Foeckler,,,,,,,,1865,﻿,﻿,﻿Milwaukee,Milwaukee
﻿lac.wi.0021,﻿church,﻿St. Aloysius',English,,,,﻿Sauk County,﻿Sauk County,﻿Sauk City,﻿Sauk City,﻿WI,,,,,,,﻿m_heiss_002,﻿Rev.,﻿M. Heiss,,,,,,,,1865,﻿,﻿,﻿Milwaukee,Milwaukee
﻿mil.wi.0190,﻿church,﻿St. Finbar's,English,,,,﻿Ozaukee County,﻿Ozaukee County,﻿Saukville,﻿Saukville,﻿WI,,,,,﻿Attended from Newburgh,,,,,,,,,,,,1865,﻿,﻿,﻿Milwaukee,Milwaukee
﻿mil.wi.0189,﻿church,﻿St. Mary's Im. Concept.,English,,,,﻿Ozaukee County,﻿Ozaukee County,﻿Saukville,﻿Saukville,﻿WI,,,,,﻿Attended by Rev. W. Storr,,﻿w_storr_001,﻿Rev.,﻿W. Storr,,,,,,,,1865,﻿,﻿,﻿Milwaukee,Milwaukee
﻿mil.wi.0191,﻿church,﻿St. Peter's,English,,,,﻿Washington County,﻿Washington County,﻿Shleisingerville,﻿Slinger,﻿WI,,,,,﻿Attended by Rev. M. Deisenreider,,﻿m_deisenreider_001,﻿Rev.,﻿M. Deisenreider,,,,,,,,1865,﻿,﻿,﻿Milwaukee,Milwaukee
﻿mil.wi.0370,﻿church,﻿St. Peter's,English,,,,﻿Manitowoc County,﻿Manitowoc County,﻿Schleswig,,﻿WI,,,,,﻿Visited from Chilton,,,,,,,,,,,,1865,﻿,﻿,﻿Milwaukee,Milwaukee
﻿lac.wi.0110,﻿church,﻿St. Mark's,English,,,,﻿Crawford County,,﻿Seneca,,﻿WI,,,,,﻿Attended from Utica,,,,,,,,,,,,1865,﻿,﻿,﻿Milwaukee,Milwaukee
﻿mil.wi.0193,﻿church,﻿St. Magdalene's,English,,,,﻿Sheboygan County,﻿Sheboygan County,﻿Sheboygan,﻿Sheboygan,﻿WI,,43.760482,-87.71347,,,,﻿m_haider_001,﻿Rev.,﻿M. Haider,,,,,,,,1865,﻿,﻿,﻿Milwaukee,Milwaukee
﻿mil.wi.0194,﻿church,﻿St. Mary's,English,,,,﻿Sheboygan County,﻿Sheboygan County,﻿Silver Creek,﻿Sherman,﻿WI,,,,,﻿Attended from Cascade,,,,,,,,,,,,1865,﻿,﻿,﻿Milwaukee,Milwaukee
﻿mil.wi.0195,﻿church,﻿St. Dominic's,English,,,,﻿Grant County,﻿Grant County,﻿Sinsinawa,﻿Sinsinawa,﻿WI,,,,,﻿Attended by the Dominican Fathers,,,,,,,,,,,,1865,﻿,﻿,﻿Milwaukee,Milwaukee
﻿mil.wi.0196,﻿church,﻿St. Matthew's,English,,,,﻿Grant County,﻿Lafayette County,﻿Shullsburgh,﻿Shullsburg,﻿WI,,,,,,,﻿j_j_kinsella_001,﻿Rev.,﻿J. J. Kinsella,,,,,,,,1865,﻿,﻿,﻿Milwaukee,Milwaukee
﻿mil.wi.0371,﻿church,﻿St. Peter's,English,,,,﻿Outagamie County,,﻿Snydersville,,﻿WI,,,,,﻿Attended by Rev. E. Spierings,,﻿e_spierings_001,﻿Rev.,﻿E. Spierings,,,,,,,,1865,﻿,﻿,﻿Milwaukee,Milwaukee
﻿lac.wi.0111,﻿church,﻿St. Vincent de Paul's,English,,,,﻿St. Croix County,,﻿Somerset,,﻿WI,,,,,﻿Attended from Hudson City,,,,,,,,,,,,1865,﻿,﻿,﻿Milwaukee,Milwaukee
﻿mil.wi.0197,﻿church,﻿Holy Mary of Help,English,,,,﻿Fond du Lac County,﻿Fond du Lac County,﻿Springvale,﻿Springvale,﻿WI,,,,,﻿Visited by Rev. E. Gray,,﻿e_gray_001,﻿Rev.,﻿E. Gray,,,,,,,,1865,﻿,﻿,﻿Milwaukee,Milwaukee
﻿gre.wi.0031,﻿church,﻿St. Stephen's,English,,,,﻿Portage County,﻿Portage County,﻿Stevens Point,﻿Stevens Point,﻿WI,,,,,,,﻿l_lux_002,﻿Rev.,﻿L. Lux,,,,,,,,1865,﻿,﻿,﻿Milwaukee,Milwaukee
﻿mil.wi.0372,﻿church,﻿St. Catharine's,English,,,,﻿Calumet County,,﻿Stockbridge,,﻿WI,,,,,﻿Visited by Rev. H. McMahon,,﻿h_mcmahon_001,﻿Rev.,﻿H. McMahon,,,,,,,,1865,﻿,﻿,﻿Milwaukee,Milwaukee
﻿mil.wi.0198,﻿church,﻿St. Joseph's,English,,,,﻿Dane County,﻿Dane County,﻿Sun Prairie,﻿Sun Prairie,﻿WI,,,,,,,﻿max_de-becke_001,﻿Rev.,﻿Max De Becke,,,,,,,,1865,﻿,﻿,﻿Milwaukee,Milwaukee
﻿mil.wi.0199,﻿church,﻿Sacred Hearts of Jesus and Mary,English,,,,﻿Dane County,﻿Dane County,﻿Sun Prairie,﻿Sun Prairie,﻿WI,,,,,,,﻿max_de-becke_001,﻿Rev.,﻿Max De Becke,,,,,,,,1865,﻿,﻿,﻿Milwaukee,Milwaukee
﻿mil.wi.0200,﻿church,﻿St. John Baptist's,English,,,,﻿Fond du Lac County,﻿Fond du Lac County,﻿Taycheeda,﻿Taycheeda,﻿WI,,,,,,,﻿f_camenzind_001,﻿Rev.,﻿F. Camenzind,,,,,,,,1865,﻿,﻿,﻿Milwaukee,Milwaukee
﻿mil.wi.0202,﻿church,﻿St. Theresa's,English,,,,﻿Dodge County,﻿Dodge County,﻿Theresa,﻿Theresa,﻿WI,,43.518107,-88.453215,,,,﻿j_pickel_001,﻿Rev.,﻿J. Pickel,,,,,,,,1865,﻿,﻿,﻿Milwaukee,Milwaukee
﻿lac.wi.0022,﻿church,﻿St. Wenceslaus',English,,,,﻿Trempaleau County,﻿Trempeleau County,﻿Trempaleau,﻿Trempeleau,﻿WI,,44.005519,-91.442088,,﻿Attended by Rev. J. Kleiber,,,,,,,,,,,,1865,﻿,﻿,﻿Milwaukee,Milwaukee
﻿gre.wi.0032,﻿church,﻿St. Luke's,English,,,,﻿Manitowoc County,﻿Manitowoc County,﻿Two Rivers,﻿Two Rivers,﻿WI,,,,,,,﻿bon_de-goy_001,﻿Rev.,﻿Bonav. De Goy,﻿O.M.C.,,,,,,,1865,﻿,﻿,﻿Milwaukee,Milwaukee
﻿lac.wi.0112,﻿church,﻿St. Theresa's,English,,,,﻿Juneau County,,﻿Union Centre,,﻿WI,,,,,﻿Attended from Lisbon,,,,,,,,,,,,1865,﻿,﻿,﻿Milwaukee,Milwaukee
﻿lac.wi.0113,﻿church,﻿St. James',English,,,,﻿Crawford County,,﻿Utica,,﻿WI,,,,,,,﻿p_murphy_004,﻿Rev.,﻿P. Murphy,,,,,,,,1865,﻿,﻿,﻿Milwaukee,Milwaukee
﻿mil.wi.0203,﻿church,﻿St. Simon's,English,,,,﻿Dane County,﻿Dane County,﻿Vermont,﻿Vermont,﻿WI,,,,,﻿Attended by Rev. D. McGinnity,,﻿d_mcginnity_001,﻿Rev.,﻿D. McGinnity,,,,,,,,1865,﻿,﻿,﻿Milwaukee,Milwaukee
﻿mil.wi.0206,﻿church,﻿St. Thomas of Aquin's,English,,,,﻿Racine County,﻿Racine County,﻿Waterford,﻿Waterford,﻿WI,,,,,,,﻿j_conrad_001,﻿Rev.,﻿J. Conrad,,,,,,,,1865,﻿,﻿,﻿Milwaukee,Milwaukee
﻿mil.wi.0208,﻿church,﻿St. Bernard's,English,,,,﻿Jefferson County,﻿Jefferson County,﻿Watertown,﻿Watertown,﻿WI,,,,,,,﻿dr_j_norris_001,﻿Rev.,﻿Dr. J. W. Norris,,,,,,,,1865,﻿,﻿,﻿Milwaukee,Milwaukee
﻿mil.wi.0209,﻿church,﻿St. Henry's,English,,,,﻿Jefferson County,﻿Jefferson County,﻿Watertown,﻿Watertown,﻿WI,,,,,,,﻿fab_permadinger_001,﻿Rev.,﻿Fab. Permadinger,﻿O.M.C.,,,,,,,1865,﻿,﻿,﻿Milwaukee,Milwaukee
﻿mil.wi.0210,﻿church,﻿St. Joseph's,English,,,,﻿Dodge County,﻿Dodge County,﻿Waupan,﻿Waupun,﻿WI,,,,,﻿Visited by Rev. Jos. Smith,,﻿jos_smith_001,﻿Rev.,﻿Jos. Smith,,,,,,,,1865,﻿,﻿,﻿Milwaukee,Milwaukee
﻿mil.wi.0211,﻿church,﻿St. Joseph's,English,,,,﻿Waukesha County,﻿Waukesha County,﻿Waukesha,﻿Waukesha,﻿WI,,,,,,,﻿p_f_pettit_001,﻿Rev.,﻿P. F. Pettit,,,,,,,,1865,﻿,﻿,﻿Milwaukee,Milwaukee
﻿mil.wi.0212,﻿church,﻿Holy Angels',English,,,,﻿Washington County,﻿Washington County,﻿West-Bend,﻿West Bend,﻿WI,,,,,,,﻿j_reindl_001,﻿Rev.,﻿J. Reindl,,,,,,,,1865,﻿,﻿,﻿Milwaukee,Milwaukee
﻿mil.wi.0213,﻿church,﻿St. Mathias',English,,,,﻿Washington County,﻿Washington County,﻿West-Bend,﻿West Bend,﻿WI,,,,,﻿Visited by M. Deisenreider,,﻿m_deisenreider_001,﻿Rev.,﻿M. Deisenreider,,,,,,,,1865,﻿,﻿,﻿Milwaukee,Milwaukee
﻿lac.wi.0114,﻿church,﻿St. Alphonsus',English,,,,﻿Sauk County,,﻿Westfield,,﻿WI,,,,,﻿Visited by Rev. M. Heiss,,﻿m_heiss_002,﻿Rev.,﻿M. Heiss,,,,,,,,1865,﻿,﻿,﻿Milwaukee,Milwaukee
﻿mil.wi.0217,﻿church,﻿St. Alphonsus',English,,,,﻿Kenosha County,﻿Kenosha County,﻿Wheatland,﻿Wheatland,﻿WI,,,,,,,﻿j_h_korphage_001,﻿Rev.,﻿J. H. Korphage,,,,,,,,1865,﻿,﻿,﻿Milwaukee,Milwaukee
﻿mil.wi.0218,﻿church,﻿St. Patrick's,English,,,,﻿Walworth County,﻿Walworth County,﻿Whitewater,﻿Whitewater,﻿WI,,,,,,,﻿r_dumphy_001,﻿Rev.,﻿R. Dumphy,,,,,,,,1865,﻿,﻿,﻿Milwaukee,Milwaukee
﻿mil.wi.0219,﻿church,﻿Holy Assumption,English,,,,﻿Lafayette County,﻿Lafayette County,﻿Willow Springs,﻿Willow Springs,﻿WI,,,,,﻿Attended by Rev. A. David,,﻿e_mcginnity_001,﻿Rev.,﻿A. David,,,,,,,,1865,﻿,﻿,﻿Milwaukee,Milwaukee
﻿mil.wi.0220,﻿church,﻿Holy Name of Jesus,English,,,,﻿Kenosha County,﻿Kenosha County,﻿Wilmot,﻿Wilmont,﻿WI,,,,,﻿Attended by Rev. J. Korphage,,﻿j_korphage_001,﻿Rev.,﻿J. Korphage,,,,,,,,1865,﻿,﻿,﻿Milwaukee,Milwaukee
﻿mil.wi.0221,﻿church,﻿St. George's,English,,,,﻿Sheboygan County,﻿Sheboygan County,﻿Wilson,﻿Wilson,﻿WI,,,,,,,﻿m_siebold_001,﻿Rev.,﻿M. Siebold,,,,,,,,1865,﻿,﻿,﻿Milwaukee,Milwaukee
﻿mil.wi.0376,﻿church,﻿St. Boniface's,English,,,,﻿Buffalo County,,﻿Waumadee,,﻿WI,,,,,﻿Attended from Fountain City,,,,,,,,,,,,1865,﻿,﻿,﻿Milwaukee,Milwaukee
﻿mil.wi.0375,﻿church,﻿St. John Baptist's,English,,,,﻿Calumet County,,﻿Woodville,,﻿WI,,,,,﻿Visited by Rev. J. Luytelaar,,﻿j_luytelaar_001,﻿Rev.,﻿J. Luytelaar,,,,,,,,1865,﻿,﻿,﻿Milwaukee,Milwaukee
﻿mil.wi.0223,﻿church,﻿St. Augustine's,English,,,,﻿Columbia County,﻿Columbia County,﻿Wyosina,﻿Wyocena,﻿WI,,,,,﻿Attended from Elba,,,,,,,,,,,,1865,﻿,﻿,﻿Milwaukee,Milwaukee
﻿lac.wi.0115,﻿station,not recorded,English,,,,﻿Adams County,,﻿Neery,,﻿WI,,,,,,,,,,,,,,,,,1865,﻿,﻿,﻿Milwaukee,Milwaukee
﻿lac.wi.0116,﻿station,not recorded,English,,,,﻿Adams County,,﻿Prairie,,﻿WI,,,,,,,,,,,,,,,,,1865,﻿,﻿,﻿Milwaukee,Milwaukee
﻿lac.wi.0117,﻿station,not recorded,English,,,,﻿Adams County,,﻿Quincy,,﻿WI,,,,,,,,,,,,,,,,,1865,﻿,﻿,﻿Milwaukee,Milwaukee
﻿lac.wi.0118,﻿station,not recorded,English,,,,﻿Adams County,,﻿Wardelah,,﻿WI,,,,,,,,,,,,,,,,,1865,﻿,﻿,﻿Milwaukee,Milwaukee
﻿lac.wi.0119,﻿station,not recorded,English,,,,﻿Bad Axe County,,﻿Morrison,,﻿WI,,,,,,,,,,,,,,,,,1865,﻿,﻿,﻿Milwaukee,Milwaukee
﻿lac.wi.0120,﻿station,not recorded,English,,,,﻿Bad Axe County,,﻿Wrightstown,,﻿WI,,,,,,,,,,,,,,,,,1865,﻿,﻿,﻿Milwaukee,Milwaukee
﻿mil.wi.0377,﻿station,not recorded,English,,,,﻿Brown County,,﻿Bad Axe,,﻿WI,,,,,,,,,,,,,,,,,1865,﻿,﻿,﻿Milwaukee,Milwaukee
﻿mil.wi.0378,﻿station,not recorded,English,,,,﻿Brown County,,﻿De Bellaw,,﻿WI,,,,,,,,,,,,,,,,,1865,﻿,﻿,﻿Milwaukee,Milwaukee
﻿mil.wi.0379,﻿station,not recorded,English,,,,﻿Brown County,,﻿Pine River,,﻿WI,,,,,,,,,,,,,,,,,1865,﻿,﻿,﻿Milwaukee,Milwaukee
﻿lac.wi.0025,﻿station,not recorded,English,,,,﻿Buffalo County,,﻿Buffalo City,﻿Buffalo City,﻿WI,,44.230564,-91.863468,,,,,,,,,,,,,,1865,﻿,﻿,﻿Milwaukee,Milwaukee
﻿lac.wi.0121,﻿station,not recorded,English,,,,﻿Buffalo County,,﻿Nelson,,﻿WI,,,,,,,,,,,,,,,,,1865,﻿,﻿,﻿Milwaukee,Milwaukee
﻿lac.wi.0122,﻿station,not recorded,English,,,,﻿Buffalo County,,﻿Little Waumadee,,﻿WI,,,,,,,,,,,,,,,,,1865,﻿,﻿,﻿Milwaukee,Milwaukee
﻿lac.wi.0123,﻿station,not recorded,English,,,,﻿Buffalo County,,﻿Mandara,,﻿WI,,,,,,,,,,,,,,,,,1865,﻿,﻿,﻿Milwaukee,Milwaukee
﻿lac.wi.0024,﻿station,not recorded,English,,,,﻿Buffalo County,,﻿Alma,,﻿WI,,44.321587,-91.914457,,,,,,,,,,,,,,1865,﻿,﻿,﻿Milwaukee,Milwaukee
﻿mil.wi.0029,﻿station,not recorded,English,,,,﻿Calumet County,,﻿Brothertown,,﻿WI,,,,,,,,,,,,,,,,,1865,﻿,﻿,﻿Milwaukee,Milwaukee
﻿mil.wi.0345,﻿station,not recorded,English,,,,﻿Calumet County,,﻿Harrison,,﻿WI,,,,,,,,,,,,,,,,,1865,﻿,﻿,﻿Milwaukee,Milwaukee
﻿mil.wi.0454,﻿station,not recorded,English,,,,﻿Calumet County,,﻿Holstein,,﻿WI,,,,,,,,,,,,,,,,,1865,﻿,﻿,﻿Milwaukee,Milwaukee
﻿lac.wi.0026,﻿station,not recorded,English,,,,﻿Chippewa County,,﻿Brush Prairie,﻿Bloomer,﻿WI,,45.120908,-91.421051,,,,,,,,,,,,,,1865,﻿,﻿,﻿Milwaukee,Milwaukee
﻿lac.wi.0124,﻿station,not recorded,English,,,,﻿Chippewa County,,﻿Courtes Oreilles,,﻿WI,,,,,,,,,,,,,,,,,1865,﻿,﻿,﻿Milwaukee,Milwaukee
﻿lac.wi.0063,﻿station,not recorded,English,,,,﻿Chippewa County,,﻿Flambeau,﻿Holocombe,﻿WI,,45.262041,-91.16075,,,,,,,,,,,,,,1865,﻿,﻿,﻿Milwaukee,Milwaukee
﻿lac.wi.0125,﻿station,not recorded,English,,,,﻿Chippewa County,,﻿Springfield,,﻿WI,,,,,,,,,,,,,,,,,1865,﻿,﻿,﻿Milwaukee,Milwaukee
﻿lac.wi.0126,﻿station,not recorded,English,,,,﻿Clarke County,,﻿Neilsville,,﻿WI,,,,,,,,,,,,,,,,,1865,﻿,﻿,﻿Milwaukee,Milwaukee
﻿mil.wi.0048,﻿station,not recorded,English,,,,﻿Columbia County,,﻿Columbus,,﻿WI,,,,,,,,,,,,,,,,,1865,﻿,﻿,﻿Milwaukee,Milwaukee
﻿mil.wi.0224,﻿station,not recorded,English,,,,﻿Columbia County,﻿Columbia County,﻿Marcello,﻿Marcellon,﻿WI,,,,,,,,,,,,,,,,,1865,﻿,﻿,﻿Milwaukee,Milwaukee
﻿mil.wi.0163,﻿station,not recorded,English,,,,﻿Columbia County,﻿Columbia County,﻿Otsego,﻿Otsego,﻿WI,,,,,,,,,,,,,,,,,1865,﻿,﻿,﻿Milwaukee,Milwaukee
﻿mil.wi.0226,﻿station,not recorded,English,,,,﻿Columbia County,﻿Columbia County,﻿Prairie,﻿Prairie,﻿WI,,,,,,,,,,,,,,,,,1865,﻿,﻿,﻿Milwaukee,Milwaukee
﻿lac.wi.0127,﻿station,not recorded,English,,,,﻿Crawford County,,"﻿Poydtown, Bluffs",,﻿WI,,,,,,,,,,,,,,,,,1865,﻿,﻿,﻿Milwaukee,Milwaukee
﻿mil.wi.0227,﻿station,not recorded,English,,,,﻿Dane County,﻿Dane County,﻿Cottage Grove,﻿Cottage Grove,﻿WI,,,,,,,,,,,,,,,,,1865,﻿,﻿,﻿Milwaukee,Milwaukee
﻿mil.wi.0204,﻿station,not recorded,English,,,,﻿Dane County,,﻿Vienna,,﻿WI,,,,,,,,,,,,,,,,,1865,﻿,﻿,﻿Milwaukee,Milwaukee
﻿mil.wi.0214,﻿station,not recorded,English,,,,﻿Dane County,﻿Dane County,﻿Westport,﻿Westport,﻿WI,,,,,,,,,,,,,,,,,1865,﻿,﻿,﻿Milwaukee,Milwaukee
﻿mil.wi.0229,﻿station,not recorded,English,,,,﻿Dodge County,﻿Dodge County,﻿Lebanon,﻿Lebanon,﻿WI,,,,,,,,,,,,,,,,,1865,﻿,﻿,﻿Milwaukee,Milwaukee
﻿mil.wi.0230,﻿station,not recorded,English,,,,﻿Dodge County,﻿Dodge County,﻿Lamira,﻿Lamira,﻿WI,,,,,,,,,,,,,,,,,1865,﻿,﻿,﻿Milwaukee,Milwaukee
﻿mil.wi.0231,﻿station,not recorded,English,,,,﻿Dodge County,﻿Dodge County,﻿Iron Ridge,﻿Iron Ridge,﻿WI,,,,,,,,,,,,,,,,,1865,﻿,﻿,﻿Milwaukee,Milwaukee
﻿mil.wi.0380,﻿station,not recorded,English,,,,﻿Door County,,﻿Harbor Island,,﻿WI,,,,,,,,,,,,,,,,,1865,﻿,﻿,﻿Milwaukee,Milwaukee
﻿mil.wi.0381,﻿station,not recorded,English,,,,﻿Door County,,﻿Leopold Village,,﻿WI,,,,,,,,,,,,,,,,,1865,﻿,﻿,﻿Milwaukee,Milwaukee
﻿gre.wi.0064,﻿station,not recorded,English,,,,﻿Door County,,﻿New-Brussels,﻿Brussels,﻿WI,,,,,,,,,,,,,,,,,1865,﻿,﻿,﻿Milwaukee,Milwaukee
﻿mil.wi.0382,﻿station,not recorded,English,,,,﻿Door County,,﻿Potowatamie,,﻿WI,,,,,,,,,,,,,,,,,1865,﻿,﻿,﻿Milwaukee,Milwaukee
﻿mil.wi.0383,﻿station,not recorded,English,,,,﻿Door County,,﻿Sturgeon Bay,,﻿WI,,,,,,,,,,,,,,,,,1865,﻿,﻿,﻿Milwaukee,Milwaukee
﻿mil.wi.0385,﻿station,not recorded,English,,,,﻿Door County,,﻿Washington Harbor,,﻿WI,,,,,,,,,,,,,,,,,1865,﻿,﻿,﻿Milwaukee,Milwaukee
﻿lac.wi.0067,﻿station,not recorded,English,,,,﻿Douglas County,,﻿Superior City,,﻿WI,,46.703208,-92.046862,,,,,,,,,,,,,,1865,﻿,﻿,﻿Milwaukee,Milwaukee
﻿mil.wi.0386,﻿station,not recorded,English,,,,﻿Douglas County,,﻿Fond du Lac,,﻿WI,,,,,,,,,,,,,,,,,1865,﻿,﻿,﻿Milwaukee,Milwaukee
﻿lac.wi.0128,﻿station,not recorded,English,,,,﻿Dunn County,,﻿Fall City,,﻿WI,,,,,,,,,,,,,,,,,1865,﻿,﻿,﻿Milwaukee,Milwaukee
﻿lac.wi.0031,﻿station,not recorded,English,,,,﻿Eau Claire County,,﻿Adams' Settlement,,﻿WI,,,,,,,,,,,,,,,,,1865,﻿,﻿,﻿Milwaukee,Milwaukee
﻿lac.wi.0129,﻿station,not recorded,English,,,,﻿Eau Claire County,,﻿Pleasant Valley,,﻿WI,,,,,,,,,,,,,,,,,1865,﻿,﻿,﻿Milwaukee,Milwaukee
﻿mil.wi.0387,﻿station,not recorded,English,,,,﻿Fond du Lac County,,﻿Eldora,,﻿WI,,,,,,,,,,,,,,,,,1865,﻿,﻿,﻿Milwaukee,Milwaukee
﻿mil.wi.0133,﻿station,not recorded,English,,,,﻿Fond du Lac County,,﻿Marshville,,﻿WI,,,,,,,,,,,,,,,,,1865,﻿,﻿,﻿Milwaukee,Milwaukee
﻿mil.wi.0452,﻿station,not recorded,English,,,,﻿Fond du Lac County,,﻿Newcastle,,﻿WI,,,,,,,,,,,,,,,,,1865,﻿,﻿,﻿Milwaukee,Milwaukee
﻿mil.wi.0233,﻿station,not recorded,English,,,,﻿Fond du Lac County,﻿Fond du Lac County,﻿Rosendale,﻿Rosendale,﻿WI,,,,,,,,,,,,,,,,,1865,﻿,﻿,﻿Milwaukee,Milwaukee
﻿mil.wi.0201,﻿station,not recorded,English,,,,﻿Fond du Lac County,,﻿Taycheeda,,﻿WI,,43.833542,-88.341891,,,,,,,,,,,,,,1865,﻿,﻿,﻿Milwaukee,Milwaukee
﻿mil.wi.0388,﻿station,not recorded,English,,,,﻿Fond du Lac County,,﻿Walkosten,,﻿WI,,,,,,,,,,,,,,,,,1865,﻿,﻿,﻿Milwaukee,Milwaukee
﻿mil.wi.0236,﻿station,not recorded,English,,,,﻿Grant County,﻿Grant County,﻿Beetown,﻿Beetown,﻿WI,,,,,,,,,,,,,,,,,1865,﻿,﻿,﻿Milwaukee,Milwaukee
﻿mil.wi.0237,﻿station,not recorded,English,,,,﻿Grant County,﻿Grant County,﻿Boscobel,﻿Boscobel,﻿WI,,,,,,,,,,,,,,,,,1865,﻿,﻿,﻿Milwaukee,Milwaukee
﻿mil.wi.0093,﻿station,not recorded,English,,,,﻿Grant County,,﻿Glen Haven,,﻿WI,,,,,,,,,,,,,,,,,1865,﻿,﻿,﻿Milwaukee,Milwaukee
﻿mil.wi.0238,﻿station,not recorded,English,,,,﻿Grant County,﻿Grant County,﻿Liberty,﻿Liberty,﻿WI,,,,,,,,,,,,,,,,,1865,﻿,﻿,﻿Milwaukee,Milwaukee
﻿mil.wi.0239,﻿station,not recorded,English,,,,﻿Grant County,﻿Grant County,﻿Waterloo,﻿Waterloo,﻿WI,,,,,,,,,,,,,,,,,1865,﻿,﻿,﻿Milwaukee,Milwaukee
﻿mil.wi.0389,﻿station,not recorded,English,,,,﻿Green County,,﻿Adams,,﻿WI,,,,,,,,,,,,,,,,,1865,﻿,﻿,﻿Milwaukee,Milwaukee
﻿mil.wi.0390,﻿station,not recorded,English,,,,﻿Green County,,﻿Broad Head,,﻿WI,,,,,,,,,,,,,,,,,1865,﻿,﻿,﻿Milwaukee,Milwaukee
﻿mil.wi.0391,﻿station,not recorded,English,,,,﻿Green County,,﻿New-Glanes,,﻿WI,,,,,,,,,,,,,,,,,1865,﻿,﻿,﻿Milwaukee,Milwaukee
﻿mil.wi.0241,﻿station,not recorded,English,,,,﻿Iowa County,﻿Iowa County,﻿Arina,﻿Arena,﻿WI,,,,,,,,,,,,,,,,,1865,﻿,﻿,﻿Milwaukee,Milwaukee
﻿mil.wi.0242,﻿station,not recorded,English,,,,﻿Iowa County,﻿Iowa County,﻿Avoca,﻿Avoca,﻿WI,,,,,,,,,,,,,,,,,1865,﻿,﻿,﻿Milwaukee,Milwaukee
﻿mil.wi.0392,﻿station,not recorded,English,,,,﻿Iowa County,,﻿Dodgeville,,﻿WI,,,,,,,,,,,,,,,,,1865,﻿,﻿,﻿Milwaukee,Milwaukee
﻿lac.wi.0066,﻿station,not recorded,English,,,,﻿Jackson County,,﻿Black River Falls,﻿Black River Falls,﻿WI,,44.294791,-90.85243,,,,,,,,,,,,,,1865,﻿,﻿,﻿Milwaukee,Milwaukee
﻿lac.wi.0130,﻿station,not recorded,English,,,,﻿Jackson County,,﻿Garden Valley,,﻿WI,,,,,,,,,,,,,,,,,1865,﻿,﻿,﻿Milwaukee,Milwaukee
﻿lac.wi.0107,﻿station,not recorded,English,,,,﻿Jackson County,,﻿Pine Hill,,﻿WI,,,,,,,,,,,,,,,,,1865,﻿,﻿,﻿Milwaukee,Milwaukee
﻿mil.wi.0243,﻿station,not recorded,English,,,,﻿Jefferson County,﻿Jefferson County,﻿Fort Atkinson,﻿Fort Atkinson,﻿WI,,,,,,,,,,,,,,,,,1865,﻿,﻿,﻿Milwaukee,Milwaukee
﻿mil.wi.0244,﻿station,not recorded,English,,,,﻿Jefferson County,,﻿Pearlunawec,,﻿WI,,,,,,,,,,,,,,,,,1865,﻿,﻿,﻿Milwaukee,Milwaukee
﻿mil.wi.0393,﻿station,not recorded,English,,,,﻿Juneau County,,﻿Germantown,,﻿WI,,,,,,,,,,,,,,,,,1865,﻿,﻿,﻿Milwaukee,Milwaukee
﻿mil.wi.0394,﻿station,not recorded,English,,,,﻿Juneau County,,﻿Necedah,,﻿WI,,,,,,,,,,,,,,,,,1865,﻿,﻿,﻿Milwaukee,Milwaukee
﻿mil.wi.0032,﻿station,not recorded,English,,,,﻿Kenosha County,,﻿Bristol,,﻿WI,,,,,,,,,,,,,,,,,1865,﻿,﻿,﻿Milwaukee,Milwaukee
﻿mil.wi.0445,﻿station,not recorded,English,,,,﻿Kenosha County,,﻿Dover,,﻿WI,,,,,,,,,,,,,,,,,1865,﻿,﻿,﻿Milwaukee,Milwaukee
﻿mil.wi.0395,﻿station,not recorded,English,,,,﻿Kewaunee County,,﻿Dykesville,,﻿WI,,,,,,,,,,,,,,,,,1865,﻿,﻿,﻿Milwaukee,Milwaukee
﻿gre.wi.0085,﻿station,not recorded,English,,,,﻿Kewaunee County,,﻿Red River,,﻿WI,,,,,,,,,,,,,,,,,1865,﻿,﻿,﻿Milwaukee,Milwaukee
﻿lac.wi.0069,﻿station,not recorded,English,,,,﻿La Crosse County,,﻿Boswickvalley,﻿Stoddard,﻿WI,,43.728263,-91.151084,,,,,,,,,,,,,,1865,﻿,﻿,﻿Milwaukee,Milwaukee
﻿lac.wi.0131,﻿station,not recorded,English,,,,﻿La Crosse County,,﻿Chipmunk,,﻿WI,,,,,,,,,,,,,,,,,1865,﻿,﻿,﻿Milwaukee,Milwaukee
﻿lac.wi.0132,﻿station,not recorded,English,,,,﻿La Crosse County,,﻿Cooley,,﻿WI,,,,,,,,,,,,,,,,,1865,﻿,﻿,﻿Milwaukee,Milwaukee
﻿lac.wi.0133,﻿station,not recorded,English,,,,﻿La Point County,,﻿Bad River,,﻿WI,,,,,,,,,,,,,,,,,1865,﻿,﻿,﻿Milwaukee,Milwaukee
﻿mil.wi.0246,﻿station,not recorded,English,,,,﻿Lafayette County,﻿Lafayette County,﻿Gratioli,﻿Gratiot,﻿WI,,,,,,,,,,,,,,,,,1865,﻿,﻿,﻿Milwaukee,Milwaukee
﻿mil.wi.0446,﻿station,not recorded,English,,,,﻿Lafayette County,,﻿Wiota,,﻿WI,,,,,,,,,,,,,,,,,1865,﻿,﻿,﻿Milwaukee,Milwaukee
﻿mil.wi.0247,﻿station,not recorded,English,,,,﻿Lafayette County,﻿Lafayette County,﻿Yellow Stone,﻿Yellowstone,﻿WI,,,,,,,,,,,,,,,,,1865,﻿,﻿,﻿Milwaukee,Milwaukee
﻿mil.wi.0332,﻿station,not recorded,English,,,,﻿Manitowoc County,,﻿Cato,,﻿WI,,,,,,,,,,,,,,,,,1865,﻿,﻿,﻿Milwaukee,Milwaukee
﻿gre.wi.0042,﻿station,not recorded,English,,,,﻿Manitowoc County,,﻿Clark's Mills,,﻿WI,,,,,,,,,,,,,,,,,1865,﻿,﻿,﻿Milwaukee,Milwaukee
﻿lac.wi.0134,﻿station,not recorded,English,,,,﻿Marathon County,,﻿Knowlton,,﻿WI,,,,,,,,,,,,,,,,,1865,﻿,﻿,﻿Milwaukee,Milwaukee
﻿lac.wi.0135,﻿station,not recorded,English,,,,﻿Marathon County,,﻿Mosinee,,﻿WI,,,,,,,,,,,,,,,,,1865,﻿,﻿,﻿Milwaukee,Milwaukee
﻿mil.wi.0447,﻿station,not recorded,English,,,,﻿Marathon County,,﻿Wausau,,﻿WI,,,,,,,,,,,,,,,,,1865,﻿,﻿,﻿Milwaukee,Milwaukee
﻿mil.wi.0397,﻿station,not recorded,English,,,,﻿Marquette County,,﻿Kingston,,﻿WI,,,,,,,,,,,,,,,,,1865,﻿,﻿,﻿Milwaukee,Milwaukee
﻿mil.wi.0398,﻿station,not recorded,English,,,,﻿Marquette County,,﻿Marquette,,﻿WI,,,,,,,,,,,,,,,,,1865,﻿,﻿,﻿Milwaukee,Milwaukee
﻿lac.wi.0109,﻿station,not recorded,English,,,,﻿Monroe County,,﻿Sparta,,﻿WI,,,,,,,,,,,,,,,,,1865,﻿,﻿,﻿Milwaukee,Milwaukee
﻿lac.wi.0039,﻿station,not recorded,English,,,,﻿Monroe County,,﻿Tomah,﻿Tomah,﻿WI,,43.979703,-90.507634,,,,,,,,,,,,,,1865,﻿,﻿,﻿Milwaukee,Milwaukee
﻿lac.wi.0070,﻿station,not recorded,English,,,,﻿Monroe County,,﻿Tunnel City,﻿Tunnel City,﻿WI,,44.00656,-90.566051,,,,,,,,,,,,,,1865,﻿,﻿,﻿Milwaukee,Milwaukee
﻿gre.wi.0063,﻿station,not recorded,English,,,,﻿Oconto County,,﻿Menomenee,,﻿WI,,,,,,,,,,,,,,,,,1865,﻿,﻿,﻿Milwaukee,Milwaukee
﻿mil.wi.0399,﻿station,not recorded,English,,,,﻿Oconto County,,﻿Pensaukie,,﻿WI,,,,,,,,,,,,,,,,,1865,﻿,﻿,﻿Milwaukee,Milwaukee
﻿gre.wi.0067,﻿station,not recorded,English,,,,﻿Oconto County,,﻿Peshtigo,,﻿WI,,,,,,,,,,,,,,,,,1865,﻿,﻿,﻿Milwaukee,Milwaukee
﻿mil.wi.0400,﻿station,not recorded,English,,,,﻿Oconto County,,﻿Stiles,,﻿WI,,,,,,,,,,,,,,,,,1865,﻿,﻿,﻿Milwaukee,Milwaukee
﻿mil.wi.0402,﻿station,not recorded,English,,,,﻿Outagamie County,,﻿Ellington,,﻿WI,,,,,,,,,,,,,,,,,1865,﻿,﻿,﻿Milwaukee,Milwaukee
﻿mil.wi.0403,﻿station,not recorded,English,,,,﻿Outagamie County,,﻿Greenville,,﻿WI,,,,,,,,,,,,,,,,,1865,﻿,﻿,﻿Milwaukee,Milwaukee
﻿mil.wi.0404,﻿station,not recorded,English,,,,﻿Outagamie County,,﻿New-Lebanon,,﻿WI,,,,,,,,,,,,,,,,,1865,﻿,﻿,﻿Milwaukee,Milwaukee
﻿mil.wi.0405,﻿station,not recorded,English,,,,﻿Outagamie County,,﻿Stevensville,,﻿WI,,,,,,,,,,,,,,,,,1865,﻿,﻿,﻿Milwaukee,Milwaukee
﻿lac.wi.0071,﻿station,not recorded,English,,,,﻿Pepin County,,﻿Bear Creek,﻿Durand,﻿WI,,44.640859,-91.935671,,,,,,,,,,,,,,1865,﻿,﻿,﻿Milwaukee,Milwaukee
﻿lac.wi.0041,﻿station,not recorded,English,,,,﻿Pepin County,,﻿Durand,﻿Durand,﻿WI,,44.626354,-91.965726,,,,,,,,,,,,,,1865,﻿,﻿,﻿Milwaukee,Milwaukee
﻿lac.wi.0072,﻿station,not recorded,English,,,,﻿Pepin County,,﻿Pepin,﻿Pepin,﻿WI,,44.442998,-92.14894,,,,,,,,,,,,,,1865,﻿,﻿,﻿Milwaukee,Milwaukee
﻿lac.wi.0136,﻿station,not recorded,English,,,,﻿Pierce County,,﻿Martell,,﻿WI,,,,,,,,,,,,,,,,,1865,﻿,﻿,﻿Milwaukee,Milwaukee
﻿lac.wi.0044,﻿station,not recorded,English,,,,﻿Pierce County,,﻿Perrytown,,﻿WI,,44.589194,-92.485676,,,,,,,,,,,,,,1865,﻿,﻿,﻿Milwaukee,Milwaukee
﻿lac.wi.0043,﻿station,not recorded,English,,,,﻿Pierce County,,﻿Prescott,﻿Prescott,﻿WI,,44.748857,-92.802147,,,,,,,,,,,,,,1865,﻿,﻿,﻿Milwaukee,Milwaukee
﻿mil.wi.0406,﻿station,not recorded,English,,,,﻿Polk County,,﻿Balson Lake,,﻿WI,,,,,,,,,,,,,,,,,1865,﻿,﻿,﻿Milwaukee,Milwaukee
﻿mil.wi.0407,﻿station,not recorded,English,,,,﻿Polk County,,﻿Eagle River,,﻿WI,,,,,,,,,,,,,,,,,1865,﻿,﻿,﻿Milwaukee,Milwaukee
﻿mil.wi.0408,﻿station,not recorded,English,,,,﻿Polk County,,﻿Portland,,﻿WI,,,,,,,,,,,,,,,,,1865,﻿,﻿,﻿Milwaukee,Milwaukee
﻿mil.wi.0409,﻿station,not recorded,English,,,,﻿Polk County,,﻿St. Croix Falls,,﻿WI,,,,,,,,,,,,,,,,,1865,﻿,﻿,﻿Milwaukee,Milwaukee
﻿mil.wi.0410,﻿station,not recorded,English,,,,﻿Polk County,,﻿Osceola,,﻿WI,,,,,,,,,,,,,,,,,1865,﻿,﻿,﻿Milwaukee,Milwaukee
﻿mil.wi.0411,﻿station,not recorded,English,,,,﻿Polk County,,﻿Farmington,,﻿WI,,,,,,,,,,,,,,,,,1865,﻿,﻿,﻿Milwaukee,Milwaukee
﻿mil.wi.0327,﻿station,not recorded,English,,,,﻿Portage County,,﻿Buena Vista,,﻿WI,,,,,,,,,,,,,,,,,1865,﻿,﻿,﻿Milwaukee,Milwaukee
﻿mil.wi.0412,﻿station,not recorded,English,,,,﻿Portage County,,﻿Du Pays Point,,﻿WI,,,,,,,,,,,,,,,,,1865,﻿,﻿,﻿Milwaukee,Milwaukee
﻿mil.wi.0413,﻿station,not recorded,English,,,,﻿Portage County,,﻿Stockton,,﻿WI,,,,,,,,,,,,,,,,,1865,﻿,﻿,﻿Milwaukee,Milwaukee
﻿mil.wi.0248,﻿station,not recorded,English,,,,﻿Racine County,﻿Racine County,﻿Rochester,﻿Rochester,﻿WI,,,,,,,,,,,,,,,,,1865,﻿,﻿,﻿Milwaukee,Milwaukee
﻿mil.wi.0249,﻿station,not recorded,English,,,,﻿Racine County,﻿Racine County,﻿Yorkville,﻿Yorkville,﻿WI,,,,,,,,,,,,,,,,,1865,﻿,﻿,﻿Milwaukee,Milwaukee
﻿lac.wi.0045,﻿station,not recorded,English,,,,﻿Richland County,,﻿Center,﻿Richland Center,﻿WI,,43.334705,-90.386793,,,,,,,,,,,,,,1865,﻿,﻿,﻿Milwaukee,Milwaukee
﻿lac.wi.0137,﻿station,not recorded,English,,,,﻿Richland County,,﻿Har's Creek,,﻿WI,,,,,,,,,,,,,,,,,1865,﻿,﻿,﻿Milwaukee,Milwaukee
﻿lac.wi.0079,﻿station,not recorded,English,,,,﻿Richland County,,﻿Melanchthon Creek,﻿Yuba,﻿WI,,43.518036,-90.358998,,,,,,,,,,,,,,1865,﻿,﻿,﻿Milwaukee,Milwaukee
﻿lac.wi.0080,﻿station,not recorded,English,,,,﻿Richland County,,﻿Mullandy Creek,,﻿WI,,43.333327,-90.466456,,,,,,,,,,,,,,1865,﻿,﻿,﻿Milwaukee,Milwaukee
﻿lac.wi.0081,﻿station,not recorded,English,,,,﻿Richland County,,﻿Pine Creek,﻿Richland Center,﻿WI,,43.410081,-90.579155,,,,,,,,,,,,,,1865,﻿,﻿,﻿Milwaukee,Milwaukee
﻿mil.wi.0250,﻿station,not recorded,English,,,,﻿Rock County,﻿Rock County,﻿Fulton,﻿Fulton,﻿WI,,,,,,,,,,,,,,,,,1865,﻿,﻿,﻿Milwaukee,Milwaukee
﻿mil.wi.0251,﻿station,not recorded,English,,,,﻿Rock County,﻿Rock County,﻿Milton,﻿Milton,﻿WI,,,,,,,,,,,,,,,,,1865,﻿,﻿,﻿Milwaukee,Milwaukee
﻿mil.wi.0252,﻿station,not recorded,English,,,,﻿Rock County,﻿Rock County,﻿Spring Valley,﻿Spring Valley,﻿WI,,,,,,,,,,,,,,,,,1865,﻿,﻿,﻿Milwaukee,Milwaukee
﻿lac.wi.0138,﻿station,not recorded,English,,,,﻿Sauk County,,﻿Bear Creek,,﻿WI,,,,,,,,,,,,,,,,,1865,﻿,﻿,﻿Milwaukee,Milwaukee
﻿mil.wi.0455,﻿station,not recorded,English,,,,﻿Sauk County,,﻿Baraboo Bluff,,﻿WI,,,,,,,,,,,,,,,,,1865,﻿,﻿,﻿Milwaukee,Milwaukee
﻿lac.wi.0139,﻿station,not recorded,English,,,,﻿Sauk County,,﻿Marble Quarry,,﻿WI,,,,,,,,,,,,,,,,,1865,﻿,﻿,﻿Milwaukee,Milwaukee
﻿lac.wi.0140,﻿station,not recorded,English,,,,﻿Sauk County,,﻿Sugar Grove,,﻿WI,,,,,,,,,,,,,,,,,1865,﻿,﻿,﻿Milwaukee,Milwaukee
﻿mil.wi.0456,﻿station,not recorded,English,,,,﻿Sauk County,,﻿Westford,,﻿WI,,,,,,,,,,,,,,,,,1865,﻿,﻿,﻿Milwaukee,Milwaukee
﻿mil.wi.0185,﻿station,not recorded,English,,,,﻿Sheboygan County,﻿Sheboygan County,﻿Rhine,﻿Rhine,﻿WI,,,,,,,,,,,,,,,,,1865,﻿,﻿,﻿Milwaukee,Milwaukee
﻿lac.wi.0054,﻿station,not recorded,English,,,,﻿St. Croix County,,﻿Pleasant Valley,﻿Pleasant Valley,﻿WI,,44.914205,-92.485796,,,,,,,,,,,,,,1865,﻿,﻿,﻿Milwaukee,Milwaukee
﻿lac.wi.0077,﻿station,not recorded,English,,,,﻿St. Croix County,,﻿Bauen's Mills,,﻿WI,,45.049784,-92.387569,,,,,,,,,,,,,,1865,﻿,﻿,﻿Milwaukee,Milwaukee
﻿lac.wi.0057,﻿station,not recorded,English,,,,﻿Trempaleau County,,﻿Galesville,﻿Galesville,﻿WI,,44.083775,-91.358469,,,,,,,,,,,,,,1865,﻿,﻿,﻿Milwaukee,Milwaukee
﻿lac.wi.0141,﻿station,not recorded,English,,,,﻿Trempaleau County,,﻿Hixton,,﻿WI,,,,,,,,,,,,,,,,,1865,﻿,﻿,﻿Milwaukee,Milwaukee
﻿lac.wi.0142,﻿station,not recorded,English,,,,﻿Trempaleau County,,﻿Montoville,,﻿WI,,,,,,,,,,,,,,,,,1865,﻿,﻿,﻿Milwaukee,Milwaukee
﻿lac.wi.0056,﻿station,not recorded,English,,,,﻿Trempaleau County,,﻿Trempaleau City,﻿Trempealeau City,﻿WI,,44.013527,-91.415724,,,,,,,,,,,,,,1865,﻿,﻿,﻿Milwaukee,Milwaukee
﻿mil.wi.0254,﻿station,not recorded,English,,,,﻿Waukesha County,﻿Waukesha County,﻿Delafield,﻿Delafield,﻿WI,,,,,,,,,,,,,,,,,1865,﻿,﻿,﻿Milwaukee,Milwaukee
﻿mil.wi.0255,﻿station,not recorded,English,,,,﻿Waukesha County,﻿Waukesha County,﻿Muckwanago,﻿Mukwonago,﻿WI,,,,,,,,,,,,,,,,,1865,﻿,﻿,﻿Milwaukee,Milwaukee
﻿mil.wi.0414,﻿station,not recorded,English,,,,﻿Waupaca County,,﻿Farmington,,﻿WI,,,,,,,,,,,,,,,,,1865,﻿,﻿,﻿Milwaukee,Milwaukee
﻿mil.wi.0415,﻿station,not recorded,English,,,,﻿Waupaca County,,﻿Caledonia,,﻿WI,,,,,,,,,,,,,,,,,1865,﻿,﻿,﻿Milwaukee,Milwaukee
﻿mil.wi.0416,﻿station,not recorded,English,,,,﻿Waupaca County,,﻿Larribee,,﻿WI,,,,,,,,,,,,,,,,,1865,﻿,﻿,﻿Milwaukee,Milwaukee
﻿mil.wi.0351,﻿station,not recorded,English,,,,﻿Waupaca County,,﻿Lebanon,,﻿WI,,,,,,,,,,,,,,,,,1865,﻿,﻿,﻿Milwaukee,Milwaukee
﻿mil.wi.0417,﻿station,not recorded,English,,,,﻿Waupaca County,,﻿St. Lawrence,,﻿WI,,,,,,,,,,,,,,,,,1865,﻿,﻿,﻿Milwaukee,Milwaukee
﻿mil.wi.0418,﻿station,not recorded,English,,,,﻿Waupaca County,,﻿Weeyewiga,,﻿WI,,,,,,,,,,,,,,,,,1865,﻿,﻿,﻿Milwaukee,Milwaukee
﻿mil.wi.0421,﻿station,not recorded,English,,,,﻿Waushara County,,﻿Oasis,,﻿WI,,,,,,,,,,,,,,,,,1865,﻿,﻿,﻿Milwaukee,Milwaukee
﻿mil.wi.0422,﻿station,not recorded,English,,,,﻿Waushara County,,﻿Saxeville,,﻿WI,,,,,,,,,,,,,,,,,1865,﻿,﻿,﻿Milwaukee,Milwaukee
﻿mil.wi.0423,﻿station,not recorded,English,,,,﻿Waushara County,,﻿Wautomee,,﻿WI,,,,,,,,,,,,,,,,,1865,﻿,﻿,﻿Milwaukee,Milwaukee
﻿mil.wi.0424,﻿station,not recorded,English,,,,﻿Winnebago County,,﻿Black Wolf,,﻿WI,,,,,,,,,,,,,,,,,1865,﻿,﻿,﻿Milwaukee,Milwaukee
﻿mil.wi.0425,﻿station,not recorded,English,,,,﻿Winnebago County,,﻿Buttes des Mortes,,﻿WI,,,,,,,,,,,,,,,,,1865,﻿,﻿,﻿Milwaukee,Milwaukee
﻿mil.wi.0426,﻿station,not recorded,English,,,,﻿Winnebago County,,﻿Willow Creek,,﻿WI,,,,,,,,,,,,,,,,,1865,﻿,﻿,﻿Milwaukee,Milwaukee
﻿mil.wi.0195_02,﻿convent,﻿Dominican Convent,English,,,,﻿Grant County,,﻿Sinsinawa Mound,,﻿WI,,,,,,,,﻿Rev.,﻿J. A. Rooney,,"﻿O.P., Superior",,﻿with novices and brothers,,,,1865,﻿,﻿,﻿Milwaukee,Milwaukee
﻿mil.wi.0195_02,﻿convent,﻿Dominican Convent,English,,,,﻿Grant County,,﻿Sinsinawa Mound,,﻿WI,,,,,,,,﻿Rev.,﻿J. P. Turner,,﻿O.P.,,﻿with novices and brothers,,,,1865,﻿,﻿,﻿Milwaukee,Milwaukee
﻿mil.wi.0195_02,﻿convent,﻿Dominican Convent,English,,,,﻿Grant County,,﻿Sinsinawa Mound,,﻿WI,,,,,,,,﻿Rev.,﻿P. V. Keogh,,﻿O.P.,,﻿with novices and brothers,,,,1865,﻿,﻿,﻿Milwaukee,Milwaukee
﻿mil.wi.0195_02,﻿convent,﻿Dominican Convent,English,,,,﻿Grant County,,﻿Sinsinawa Mound,,﻿WI,,,,,,,,﻿Rev.,﻿G. B. Hallisy,,﻿O.P.,,﻿with novices and brothers,,,,1865,﻿,﻿,﻿Milwaukee,Milwaukee
﻿mil.wi.0195_02,﻿convent,﻿Dominican Convent,English,,,,﻿Grant County,,﻿Sinsinawa Mound,,﻿WI,,,,,,,,﻿Rev.,﻿J. H. Slinger,,﻿O.P.,,﻿with novices and brothers,,,,1865,﻿,﻿,﻿Milwaukee,Milwaukee
﻿mil.wi.0195_02,﻿convent,﻿Dominican Convent,English,,,,﻿Grant County,,﻿Sinsinawa Mound,,﻿WI,,,,,,,,﻿Rev.,﻿Jos. Poelking,,﻿O.P.,,﻿with novices and brothers,,,,1865,﻿,﻿,﻿Milwaukee,Milwaukee
﻿mil.wi.0257,﻿convent,﻿Capuchin Convent of Calvary,English,,﻿(P.O. Dotyville),,﻿Fond du Lac County,﻿Fond du Lac County,,﻿Calvary,﻿WI,,,,,,,﻿fra_haas_001,﻿Very Rev.,﻿Francis Haas,﻿O.M.Cap.,﻿Guardian,,﻿layperson,,,,1865,﻿,﻿,﻿Milwaukee,Milwaukee
﻿mil.wi.0257,﻿convent,﻿Capuchin Convent of Calvary,English,,﻿(P.O. Dotyville),,﻿Fond du Lac County,﻿Fond du Lac County,,﻿Calvary,﻿WI,,,,,,,﻿bon_frey_002,﻿Rev.,﻿Bonav. Frey,﻿O.M.Cap.,﻿Vic.,,﻿layperson,,,,1865,﻿,﻿,﻿Milwaukee,Milwaukee
﻿mil.wi.0257,﻿convent,﻿Capuchin Convent of Calvary,English,,﻿(P.O. Dotyville),,﻿Fond du Lac County,﻿Fond du Lac County,,﻿Calvary,﻿WI,,,,,,,﻿d_siherer_001,﻿Rev.,﻿D. Siherer,﻿O.M.Cap.,,,﻿layperson,,,,1865,﻿,﻿,﻿Milwaukee,Milwaukee
﻿mil.wi.0257,﻿convent,﻿Capuchin Convent of Calvary,English,,﻿(P.O. Dotyville),,﻿Fond du Lac County,﻿Fond du Lac County,,﻿Calvary,﻿WI,,,,,,,﻿leo_gamhe_001,﻿Rev.,﻿Leo Gamhe,﻿O.M.Cap.,,,﻿layperson,,,,1865,﻿,﻿,﻿Milwaukee,Milwaukee
﻿mil.wi.0257,﻿convent,﻿Capuchin Convent of Calvary,English,,﻿(P.O. Dotyville),,﻿Fond du Lac County,﻿Fond du Lac County,,﻿Calvary,﻿WI,,,,,,,﻿fr_s_fedderman_001,﻿Rev.,﻿Fr. Solanus Fedderman,﻿O.M.Cap.,,,﻿layperson,,,,1865,﻿,﻿,﻿Milwaukee,Milwaukee
﻿mil.wi.0257,﻿convent,﻿Capuchin Convent of Calvary,English,,﻿(P.O. Dotyville),,﻿Fond du Lac County,﻿Fond du Lac County,,﻿Calvary,﻿WI,,,,,,,﻿jr_p_berleman_001,﻿Rev.,﻿Jr. Pacificus Berleman,﻿O.M.Cap.,,,﻿layperson,,,,1865,﻿,﻿,﻿Milwaukee,Milwaukee
﻿mil.wi.0257,﻿convent,﻿Capuchin Convent of Calvary,English,,﻿(P.O. Dotyville),,﻿Fond du Lac County,﻿Fond du Lac County,,﻿Calvary,﻿WI,,,,,,,﻿fr_i_prass_001,﻿Rev.,﻿Fr. Ivo Prass,﻿O.M.Cap.,,,﻿layperson,,,,1865,﻿,﻿,﻿Milwaukee,Milwaukee
﻿mil.wi.0318_02,﻿house,﻿House of Brothers of the Third Order of St. Francis Seraph,English,﻿Attached to the Ecclesiastical Seminary,,,﻿Milwaukee County,,﻿Nojoshing,,﻿WI,,,,,,,,,,,,,﻿religious,﻿3 brothers,,,1865,﻿,﻿,﻿Milwaukee,Milwaukee
﻿mil.wi.0259,"﻿convent, house, novitiate, mother house",﻿Convent of the School Sisters of Notre Dame,English,"﻿Mother House and Novitiate...mission houses, 42, with 345 sisters",﻿Corner of Milwaukee and Knapp streets,,,,﻿Milwaukee,,﻿WI,,,,,,,,﻿Sister,﻿Mary Caroline,,﻿Mother Superioress,,﻿religious,﻿52 religious,﻿Under the charge of the School Sisters of Notre Dame,,1865,﻿,﻿,﻿Milwaukee,Milwaukee
﻿mil.wi.0259,"﻿convent, house, novitiate, mother house",﻿Convent of the School Sisters of Notre Dame,English,"﻿Mother House and Novitiate...mission houses, 42, with 345 sisters",﻿Corner of Milwaukee and Knapp streets,,﻿,,﻿Milwaukee,,﻿WI,,,,,,,,,,,,,﻿novice,﻿64 novices,﻿Under the charge of the School Sisters of Notre Dame,,1865,﻿,﻿,﻿Milwaukee,Milwaukee
﻿mil.wi.0259,"﻿convent, house, novitiate, mother house",﻿Convent of the School Sisters of Notre Dame,English,"﻿Mother House and Novitiate...mission houses, 42, with 345 sisters",﻿Corner of Milwaukee and Knapp streets,,﻿,,﻿Milwaukee,,﻿WI,,,,,,,,,,,,,﻿postulant,﻿55 postulants,﻿Under the charge of the School Sisters of Notre Dame,,1865,﻿,﻿,﻿Milwaukee,Milwaukee
﻿mil.wi.0299&0299_02,"﻿novitiate, convent, mother house",﻿Convent of the Sisters of the Dominican Order,English,﻿Mother House and Noviciate,,,,﻿Racine County,﻿Racine,﻿Racine,﻿WI,,,,,,,,﻿Sister,﻿Benedicta,,﻿Superioress,,﻿professed sister,﻿8 professed sisters,,,1865,﻿,﻿,﻿Milwaukee,Milwaukee
﻿mil.wi.0299&0299_02,"﻿novitiate, convent, mother house",﻿Convent of the Sisters of the Dominican Order,English,﻿Mother House and Noviciate,,,﻿,﻿Racine County,﻿Racine,﻿Racine,﻿WI,,,,,,,,,,,,,﻿novice,﻿6 novices,,,1865,﻿,﻿,﻿Milwaukee,Milwaukee
﻿mil.wi.0299&0299_02,"﻿novitiate, convent, mother house",﻿Convent of the Sisters of the Dominican Order,English,﻿Mother House and Noviciate,,,﻿,﻿Racine County,﻿Racine,﻿Racine,﻿WI,,,,,,,,,,,,,﻿candidate,﻿10 candidates,,,1865,﻿,﻿,﻿Milwaukee,Milwaukee
﻿mil.wi.0428,﻿house,﻿House of the Sisters of the Third Order of St. Dominic,English,,,,﻿Lafayette County,,﻿Benton,,﻿WI,,,,,,,,﻿Sister,﻿M. Joanna Clerk,,﻿Superioress,,﻿sister,﻿23 sisters,,,1865,﻿,﻿,﻿Milwaukee,Milwaukee
﻿mil.wi.0428,﻿house,﻿House of the Sisters of the Third Order of St. Dominic,English,,,,﻿Lafayette County,,﻿Benton,,﻿WI,,,,,,,,,,,,,﻿novice,﻿7 novices,,,1865,﻿,﻿,﻿Milwaukee,Milwaukee
﻿mil.wi.0282,"﻿house, novitiate",﻿Sisters of the Third Order of St. Francis Seraph,English,"﻿Mother House and Noviciate, dedicated to Blessed Coleta.",﻿Near Jefferson.,,﻿,﻿Jefferson County,﻿Jefferson,﻿Jefferson,﻿WI,,,,,,,,﻿Sister,﻿Antonia,,﻿Superioress,,﻿professed sister,﻿8 professed sisters,,,1865,﻿,﻿,﻿Milwaukee,Milwaukee
﻿mil.wi.0282,"﻿house, novitiate",﻿Sisters of the Third Order of St. Francis Seraph,English,﻿This house was but recently opened.,﻿Near Jefferson.,,﻿,﻿Jefferson County,﻿Jefferson,﻿Jefferson,﻿WI,,,,,,,,,,,,,﻿novice,﻿7 novices,,,1865,﻿,﻿,﻿Milwaukee,Milwaukee
﻿mil.wi.0282,"﻿house, novitiate",﻿Sisters of the Third Order of St. Francis Seraph,English,﻿This house was but recently opened.,﻿Near Jefferson.,,﻿,﻿Jefferson County,﻿Jefferson,﻿Jefferson,﻿WI,,,,,,,,,,,,,﻿candidate,﻿3 candidates,,,1865,﻿,﻿,﻿Milwaukee,Milwaukee
﻿mil.wi.0442,﻿consecrated life institution,﻿Sisters of the Third Order of St. Francis Seraph,English,﻿Sisters of the same community continue at Nojoshing.,,,,,﻿Nojoshing,,﻿WI,,,,,,,,,,,,,﻿sister,﻿17 sisters,﻿Sisters of the Third Order of St. Francis Seraph,,1865,﻿,﻿,﻿Milwaukee,Milwaukee
﻿mil.wi.0442,﻿consecrated life institution,﻿Sisters of the Third Order of St. Francis Seraph,English,﻿Sisters of the same community continue at Nojoshing.,,,,,﻿Nojoshing,,﻿WI,,,,,,,,,,,,,﻿novice,﻿6 novices,﻿Sisters of the Third Order of St. Francis Seraph,,1865,﻿,﻿,﻿Milwaukee,Milwaukee
﻿mil.wi.0442,﻿consecrated life institution,﻿Sisters of the Third Order of St. Francis Seraph,English,﻿Sisters of the same community continue at Nojoshing.,,,,,﻿Nojoshing,,﻿WI,,,,,,,,,,,,,﻿candidate,﻿11 candidates,﻿Sisters of the Third Order of St. Francis Seraph,,1865,﻿,﻿,﻿Milwaukee,Milwaukee
﻿mil.wi.0318,﻿seminary,﻿Ecclesiastical Seminary of St. Francis of Sales,English,,﻿Near Milwaukee,,,﻿Milwaukee County,﻿Nojoshing,,﻿WI,,,,,,,﻿m_heiss_002,﻿Rev.,﻿M. Heiss,,"﻿Rector, and Professor of Sacred Scriptures and Dogmatic Theology",,﻿student,"﻿114 students, of whom 35 are theologians",,,1865,﻿,﻿,﻿Milwaukee,Milwaukee
﻿mil.wi.0318,﻿seminary,﻿Ecclesiastical Seminary of St. Francis of Sales,English,,﻿Near Milwaukee,,﻿,﻿Milwaukee County,﻿Nojoshing,,﻿WI,,,,,,,﻿jos_salzmann_001,﻿Rev. Dr.,﻿Jos. Salzmann,,﻿Professor of Church History and Liturgy,,﻿student,"﻿114 students, of whom 35 are theologians",,,1865,﻿,﻿,﻿Milwaukee,Milwaukee
﻿mil.wi.0318,﻿seminary,﻿Ecclesiastical Seminary of St. Francis of Sales,English,,﻿Near Milwaukee,,﻿,﻿Milwaukee County,﻿Nojoshing,,﻿WI,,,,,,,,﻿Rev.,﻿M. Gernbauer,,﻿Professor of Greek Language and Classics,,﻿student,"﻿114 students, of whom 35 are theologians",,,1865,﻿,﻿,﻿Milwaukee,Milwaukee
﻿mil.wi.0318,﻿seminary,﻿Ecclesiastical Seminary of St. Francis of Sales,English,,﻿Near Milwaukee,,﻿,﻿Milwaukee County,﻿Nojoshing,,﻿WI,,,,,,,,﻿Rev.,﻿K. Flasch,,﻿Professor of Moral Theology and Classics,,﻿student,"﻿114 students, of whom 35 are theologians",,,1865,﻿,﻿,﻿Milwaukee,Milwaukee
﻿mil.wi.0318,﻿seminary,﻿Ecclesiastical Seminary of St. Francis of Sales,English,,﻿Near Milwaukee,,﻿,﻿Milwaukee County,﻿Nojoshing,,﻿WI,,,,,,,,﻿Rev.,﻿A. Berkhäuser,,﻿Professor of Philosophy and Disciplinarian,,﻿student,"﻿114 students, of whom 35 are theologians",,,1865,﻿,﻿,﻿Milwaukee,Milwaukee
﻿mil.wi.0318,﻿seminary,﻿Ecclesiastical Seminary of St. Francis of Sales,English,,﻿Near Milwaukee,,﻿,﻿Milwaukee County,﻿Nojoshing,,﻿WI,,,,,,,,﻿Rev.,﻿M. Joerger,,﻿Professor of Univ. History and Geography,,﻿student,"﻿114 students, of whom 35 are theologians",,,1865,﻿,﻿,﻿Milwaukee,Milwaukee
﻿mil.wi.0318,﻿seminary,﻿Ecclesiastical Seminary of St. Francis of Sales,English,,﻿Near Milwaukee,,﻿,﻿Milwaukee County,﻿Nojoshing,,﻿WI,,,,,,,,﻿Mr.,﻿C. Ries,,"﻿Professor of Mathematics, Physics, and Music",,﻿student,"﻿114 students, of whom 35 are theologians",,,1865,﻿,﻿,﻿Milwaukee,Milwaukee
﻿mil.wi.0318,﻿seminary,﻿Ecclesiastical Seminary of St. Francis of Sales,English,,﻿Near Milwaukee,,﻿,﻿Milwaukee County,﻿Nojoshing,,﻿WI,,,,,,,,﻿Mr.,﻿Jos. Moder,,﻿Professor of Latin and German,,﻿student,"﻿114 students, of whom 35 are theologians",,,1865,﻿,﻿,﻿Milwaukee,Milwaukee
﻿mil.wi.0318,﻿seminary,﻿Ecclesiastical Seminary of St. Francis of Sales,English,,﻿Near Milwaukee,,﻿,﻿Milwaukee County,﻿Nojoshing,,﻿WI,,,,,,,,﻿Mr.,﻿E. Allen,,﻿Professor of English,,﻿student,"﻿114 students, of whom 35 are theologians",,,1865,﻿,﻿,﻿Milwaukee,Milwaukee
﻿mil.wi.0457,﻿college,﻿Sinsinawa Mound College,English,,,,﻿,,,,﻿WI,,,,,,,,﻿Rev.,﻿J. A. Rooney,,"﻿O.P., President",,﻿with others as Professors,,﻿Under the care of the Dominican Fathers,,1865,﻿,﻿,﻿Milwaukee,Milwaukee
﻿mil.wi.0258,﻿college,﻿Ecclesiastical College of St. Lawrence of Brunduse,English,,﻿( P.O. Dotyville),,﻿Fond du Lac County,,,,﻿WI,,,,﻿mil.wi.0257,,,,,,,,,﻿boarder,﻿accommodations for about 50 boarders,﻿Conducted by the Capuchin Fathers of Calvary,,1865,﻿,﻿,﻿Milwaukee,Milwaukee
﻿mil.wi.0258,﻿college,﻿Ecclesiastical College of St. Lawrence of Brunduse,English,"﻿All branches of gymnastic science are taught; also, a preparatory school of two courses, for any number of pupils.",﻿( P.O. Dotyville),,﻿Fond du Lac County,,,,﻿WI,,,,,,,,,,,,,﻿boarder,﻿accommodations for about 50 boarders,﻿Conducted by the Capuchin Fathers of Calvary,,1865,﻿,﻿,﻿Milwaukee,Milwaukee
﻿mil.wi.0258,﻿college,﻿Ecclesiastical College of St. Lawrence of Brunduse,English,﻿Letters must be addressed to the Superior of the convent.,﻿( P.O. Dotyville),,﻿Fond du Lac County,,,,﻿WI,,,,,,,,,,,,,﻿boarder,﻿accommodations for about 50 boarders,﻿Conducted by the Capuchin Fathers of Calvary,,1865,﻿,﻿,﻿Milwaukee,Milwaukee
﻿mil.wi.0319,﻿academy,﻿St. Aloysius' Academy,English,"﻿This school has been recently opened, with a new and elegant building.",,,,,﻿Milwaukee,,﻿WI,,,,,,,,﻿Rev.,﻿J. Theodore Kuhlmann,﻿S.J.,﻿President,,,,﻿Superintended by the Fathers of the Society of Jesus,,1865,﻿,﻿,﻿Milwaukee,Milwaukee
﻿mil.wi.0319,﻿academy,﻿St. Aloysius' Academy,English,"﻿This school has been recently opened, with a new and elegant building.",,,,,﻿Milwaukee,,﻿WI,,,,,,,,﻿Messr,﻿Remelich,,﻿Professor,,,,﻿Superintended by the Fathers of the Society of Jesus,,1865,﻿,﻿,﻿Milwaukee,Milwaukee
﻿mil.wi.0319,﻿academy,﻿St. Aloysius' Academy,English,"﻿This school has been recently opened, with a new and elegant building.",,,,,﻿Milwaukee,,﻿WI,,,,,,,,﻿Messr,﻿Collins,,﻿Professor,,,,﻿Superintended by the Fathers of the Society of Jesus,,1865,﻿,﻿,﻿Milwaukee,Milwaukee
﻿mil.wi.0319,﻿academy,﻿St. Aloysius' Academy,English,"﻿This school has been recently opened, with a new and elegant building.",,,,,﻿Milwaukee,,﻿WI,,,,,,,,﻿Messr,﻿Donely,,﻿Professor,,,,﻿Superintended by the Fathers of the Society of Jesus,,1865,﻿,﻿,﻿Milwaukee,Milwaukee
﻿mil.wi.0319,﻿academy,﻿St. Aloysius' Academy,English,"﻿This school has been recently opened, with a new and elegant building.",,,,,﻿Milwaukee,,﻿WI,,,,,,,,﻿Messr,﻿Doyle,,﻿Professor,,,,﻿Superintended by the Fathers of the Society of Jesus,,1865,﻿,﻿,﻿Milwaukee,Milwaukee
﻿mil.wi.0319_02,﻿parish school,not recorded,English,﻿To this institution [St. Aloysius' Academy] is attached a large parish school for boys.,,,,,,﻿Milwaukee,,﻿WI,,,,,,,,,,,,,,,,1865,﻿,﻿,﻿Milwaukee,Milwaukee
﻿mil.wi.0319_02,﻿seminary,﻿School Teachers' Seminary,English,"﻿Preparations are nearly finished for opening an institution for the education of male school-teachers, on the grounds of adjoining the Ecclesiastical Seminary at Nojoshing, near Milwaukee, and under the care and superintendence of the Rector, Proc., and Professors of St. Francis of Sales Seminary",,,,,,﻿Milwaukee,,,,,,,,,,,,,,,,,,1865,﻿,﻿,﻿Milwaukee,Milwaukee
﻿mil.wi.0010_03,﻿school,﻿St. Mary's Institute,English,﻿This is a boarding school for young ladies.,﻿Corner of Milwaukee and Knapp streets,,,﻿Milwaukee County,﻿Milwaukee,﻿Milwaukee,﻿WI,,,,,,,,﻿Sister,﻿Mary Seraphica,,﻿Directress,,﻿child,﻿60 young ladies,﻿Under the charge of School Sisters of Notre Dame,,1865,﻿,﻿,﻿Milwaukee,Milwaukee
﻿mil.wi.0010_02,﻿school,﻿Day School of St. Mary's of the Holy Angels,English,,﻿Corner of Milwaukee and Knapp streets,,,﻿Milwaukee County,﻿Milwaukee,﻿Milwaukee,﻿WI,,,,,,,,﻿Sister,﻿Mary Ernesta,,﻿Superior,,﻿religious,﻿8 Sisters employed in teaching,﻿Conducted by the School Sisters of Notre Dame,,1865,﻿,﻿,﻿Milwaukee,Milwaukee
﻿mil.wi.0010_02,﻿school,﻿Day School of St. Mary's of the Holy Angels,English,,﻿Corner of Milwaukee and Knapp streets,,,﻿Milwaukee County,﻿Milwaukee,﻿Milwaukee,﻿WI,,,,,,,,,,,,,﻿student,﻿260 pupils,﻿Conducted by the School Sisters of Notre Dame,,1865,﻿,﻿,﻿Milwaukee,Milwaukee
﻿mil.wi.0264,﻿school,﻿St. Mary's Parish School,﻿German and English,,,,,﻿Milwaukee County,﻿Milwaukee,﻿Milwaukee,﻿WI,,,,,,,,﻿Sister,﻿Emerentia,,﻿Superior,,﻿sister,﻿5 sisters,﻿Conducted by the School Sisters of Notre Dame,,1865,﻿,﻿,﻿Milwaukee,Milwaukee
﻿mil.wi.0264,﻿school,﻿St. Mary's Parish School,﻿German and English,,,,,﻿Milwaukee County,﻿Milwaukee,﻿Milwaukee,﻿WI,,,,,,,,,,,,,﻿student,﻿400 pupils,﻿Conducted by the School Sisters of Notre Dame,,1865,﻿,﻿,﻿Milwaukee,Milwaukee
﻿mil.wi.0265,﻿school,﻿Holy Trinity Parish School,English,﻿for girls,,,﻿,﻿Milwaukee County,﻿Milwaukee,﻿Milwaukee,﻿WI,,,,,,,,﻿Sister,﻿Mary Michaela,,﻿Superior,,﻿religious,﻿3 Sisters,﻿Conducted by the School Sisters of Notre Dame,,1865,﻿,﻿,﻿Milwaukee,Milwaukee
﻿mil.wi.0265,﻿school,﻿Holy Trinity Parish School,English,﻿for girls,,,﻿,﻿Milwaukee County,﻿Milwaukee,﻿Milwaukee,﻿WI,,,,,,,,,,,,,﻿student,﻿270 pupils,﻿Conducted by the School Sisters of Notre Dame,,1865,﻿,﻿,﻿Milwaukee,Milwaukee
﻿mil.wi.0266,﻿school,﻿St. Joseph's Parish School,English,,,,﻿,﻿Milwaukee County,﻿Milwaukee,﻿Milwaukee,﻿WI,,,,,,,,﻿Sister,﻿Mary Timothea,,﻿Superior,,﻿religious,﻿6 Sisters,﻿Conducted by the School Sisters of Notre Dame,,1865,﻿,﻿,﻿Milwaukee,Milwaukee
﻿mil.wi.0266,﻿school,﻿St. Joseph's Parish School,English,,,,﻿,﻿Milwaukee County,﻿Milwaukee,﻿Milwaukee,﻿WI,,,,,,,,,,,,,﻿student,﻿520 pupils,﻿Conducted by the School Sisters of Notre Dame,,1865,﻿,﻿,﻿Milwaukee,Milwaukee
﻿mil.wi.0269,﻿school,﻿St. Cecilia's Parish School,English,,,,﻿,,﻿Mount Carmel,,﻿WI,,,,,,,,﻿Sister,﻿Mary Petra Forreria,,﻿Sister-Superior,,﻿religious,﻿5 Sisters,﻿Conducted by the School Sisters of Notre Dame,,1865,﻿,﻿,﻿Milwaukee,Milwaukee
﻿mil.wi.0269,﻿school,﻿St. Cecilia's Parish School,English,,,,﻿,,﻿Mount Carmel,,﻿WI,,,,,,,,,,,,,﻿student,﻿180 pupils,﻿Conducted by the School Sisters of Notre Dame,,1865,﻿,﻿,﻿Milwaukee,Milwaukee
﻿mil.wi.0269,﻿school,﻿St. Cecilia's Parish School,English,,,,﻿,,﻿Mount Carmel,,﻿WI,,,,,,,,,,,,,﻿boarder,﻿16 boarders,﻿Conducted by the School Sisters of Notre Dame,,1865,﻿,﻿,﻿Milwaukee,Milwaukee
﻿mil.wi.0269,﻿school,﻿St. Henry's Parish School,English,,,,﻿,,﻿Mount Carmel,﻿Watertown,﻿WI,,,,,,,,﻿Sister,﻿Mary Hypolit,,﻿Superior,,﻿sister,﻿3 sisters,﻿Conducted by the School Sisters of Notre Dame,,1865,﻿,﻿,﻿Milwaukee,Milwaukee
﻿mil.wi.0269,﻿school,﻿St. Henry's Parish School,English,,,,﻿,,﻿Mount Carmel,﻿Watertown,﻿WI,,,,,,,,,,,,,﻿student,﻿140 pupils,﻿Conducted by the School Sisters of Notre Dame,,1865,﻿,﻿,﻿Milwaukee,Milwaukee
﻿mil.wi.0270,﻿school,﻿St. Bernard's Parish School,English,,,,﻿,﻿Dodge County,﻿Watertown,﻿Watertown,﻿WI,,,,,,,,﻿Sister,﻿Mary Patritia,,﻿Superior,,﻿religious,﻿3 Sisters,﻿Conducted by the School Sisters of Notre Dame,,1865,﻿,﻿,﻿Milwaukee,Milwaukee
﻿mil.wi.0270,﻿school,﻿St. Bernard's Parish School,English,,,,﻿,﻿Dodge County,﻿Watertown,﻿Watertown,﻿WI,,,,,,,,,,,,,﻿student,﻿250 pupils,﻿Conducted by the School Sisters of Notre Dame,,1865,﻿,﻿,﻿Milwaukee,Milwaukee
﻿mil.wi.0271,﻿school,﻿Holy Trinity Parish School,English,,,,﻿,﻿Kenosha County,﻿Kenosha,﻿Kenosha,﻿WI,,,,,,,,﻿Sister,﻿Mary Antonia,,﻿Sister-Superior,,﻿religious,﻿3 Sisters,﻿Conducted by the School Sisters of Notre Dame,,1865,﻿,﻿,﻿Milwaukee,Milwaukee
﻿mil.wi.0271,﻿school,﻿Holy Trinity Parish School,English,,,,﻿,﻿Kenosha County,﻿Kenosha,﻿Kenosha,﻿WI,,,,,,,,,,,,,﻿student,﻿180 pupils,﻿Conducted by the School Sisters of Notre Dame,,1865,﻿,﻿,﻿Milwaukee,Milwaukee
﻿mil.wi.0024_02,﻿school,﻿Holy Cross Parish School,English,,,,,,﻿Town Belgium,,﻿WI,,,,,,,,﻿Sister,﻿Mary Laurentia,,﻿Sister-Superior,,﻿religious,﻿3 sisters,﻿Conducted by the School Sisters of Notre Dame,,1865,﻿,﻿,﻿Milwaukee,Milwaukee
﻿mil.wi.0024_02,﻿school,﻿Holy Cross Parish School,English,,,,,,﻿Town Belgium,,﻿WI,,,,,,,,,,,,,﻿student,﻿120 pupils,﻿Conducted by the School Sisters of Notre Dame,,1865,﻿,﻿,﻿Milwaukee,Milwaukee
﻿mil.wi.0024_02,﻿school,﻿Holy Cross Parish School,English,,,,,,﻿Town Belgium,,﻿WI,,,,,,,,,,,,,﻿boarder,﻿8 boarders,﻿Conducted by the School Sisters of Notre Dame,,1865,﻿,﻿,﻿Milwaukee,Milwaukee
﻿mil.wi.0193_02,﻿school,﻿St. Mary's Parish School,English,,,,﻿,﻿Sheboygan County,﻿Sheboygan,﻿Sheboygan,﻿WI,,43.760482,-87.71347,,,,,﻿Sister,﻿Mary Ulrika,,﻿Sister-Superior,,﻿religious,﻿3 Sisters,﻿Conducted by the School Sisters of Notre Dame,,1865,﻿,﻿,﻿Milwaukee,Milwaukee
﻿mil.wi.0193_02,﻿school,﻿St. Mary's Parish School,English,,,,﻿,﻿Sheboygan County,﻿Sheboygan,﻿Sheboygan,﻿WI,,43.760482,-87.71347,,,,,,,,,,﻿student,﻿140 pupils,﻿Conducted by the School Sisters of Notre Dame,,1865,﻿,﻿,﻿Milwaukee,Milwaukee
﻿mil.wi.0030_02,﻿school,﻿St. Mary's Parish School,English,,,,﻿,﻿Racine County,﻿Burlington,﻿Burlington,﻿WI,,,,,,,,﻿Sister,﻿Mary Calasanctia,,﻿Sister-Superior,,﻿religious,﻿4 Sisters,﻿Conducted by the School Sisters of Notre Dame,,1865,﻿,﻿,﻿Milwaukee,Milwaukee
﻿mil.wi.0030_02,﻿school,﻿St. Mary's Parish School,English,,,,﻿,﻿Racine County,﻿Burlington,﻿Burlington,﻿WI,,,,,,,,,,,,,﻿student,﻿200 pupils,﻿Conducted by the School Sisters of Notre Dame,,1865,﻿,﻿,﻿Milwaukee,Milwaukee
﻿mil.wi.0274,﻿school,﻿St. Mary's Parish School,English,,,,﻿,﻿Dodge County,﻿Beaver Dam,﻿Beaver Dam,﻿WI,,,,,,,,﻿Sister,﻿Mary Coleta,,﻿Sister-Superior,,﻿religious,﻿3 Sisters,﻿Conducted by the School Sisters of Notre Dame,,1865,﻿,﻿,﻿Milwaukee,Milwaukee
﻿mil.wi.0274,﻿school,﻿St. Mary's Parish School,English,,,,﻿,﻿Dodge County,﻿Beaver Dam,﻿Beaver Dam,﻿WI,,,,,,,,,,,,,﻿student,﻿230 pupils,﻿Conducted by the School Sisters of Notre Dame,,1865,﻿,﻿,﻿Milwaukee,Milwaukee
﻿mil.wi.0436,﻿school,﻿St. Mary's Parish School,English,,,,,,﻿Green Bay,,﻿WI,,,,,,,,﻿Sister,﻿Mary Bruno,,﻿Sister-Superior,,﻿religious,﻿3 sisters,﻿Conducted by the School Sisters of Notre Dame,,1865,﻿,﻿,﻿Milwaukee,Milwaukee
﻿mil.wi.0436,﻿school,﻿St. Mary's Parish School,English,,,,,,﻿Green Bay,,﻿WI,,,,,,,,,,,,,﻿student,﻿200 pupils,﻿Conducted by the School Sisters of Notre Dame,,1865,﻿,﻿,﻿Milwaukee,Milwaukee
﻿mil.wi.0436,﻿school,﻿St. Mary's Parish School,English,,,,,,﻿Green Bay,,﻿WI,,,,,,,,,,,,,﻿boarder,﻿6 boarders,﻿Conducted by the School Sisters of Notre Dame,,1865,﻿,﻿,﻿Milwaukee,Milwaukee
﻿mil.wi.0275,﻿school,﻿Holy Redeemer's Parish School,English,,,,﻿,﻿Dane County,﻿Madison,﻿Madison,﻿WI,,,,,,,,﻿Sister,﻿Mary Joachima,,﻿Sister-Superior,,﻿religious,﻿2 Sisters,﻿Conducted by the School Sisters of Notre Dame,,1865,﻿,﻿,﻿Milwaukee,Milwaukee
﻿mil.wi.0275,﻿school,﻿Holy Redeemer's Parish School,English,,,,﻿,﻿Dane County,﻿Madison,﻿Madison,﻿WI,,,,,,,,,,,,,﻿student,﻿160 pupils,﻿Conducted by the School Sisters of Notre Dame,,1865,﻿,﻿,﻿Milwaukee,Milwaukee
﻿mil.wi.0276,﻿school,﻿St. Raphael's Parish School,English,,,,﻿,﻿Dane County,﻿Madison,﻿Madison,﻿WI,,,,,,,,﻿Sister,﻿Mary Lydia,,﻿Sister-Superior,,﻿religious,﻿3 Sisters,﻿Conducted by the School Sisters of Notre Dame,,1865,﻿,﻿,﻿Milwaukee,Milwaukee
﻿mil.wi.0276,﻿school,﻿St. Raphael's Parish School,English,,,,﻿,﻿Dane County,﻿Madison,﻿Madison,﻿WI,,,,,,,,,,,,,﻿student,﻿210 pupils,﻿Conducted by the School Sisters of Notre Dame,,1865,﻿,﻿,﻿Milwaukee,Milwaukee
﻿lac.wi.0082,﻿school,﻿St. Joseph's Parish School,English,,,,,,﻿La Crosse,﻿La Crosse,﻿WI,,43.805853,-91.236614,,,,,﻿Sister,﻿Mary Gabriela,,﻿Sister-Superior,,﻿religious,﻿4 sisters,﻿Conducted by the School Sisters of Notre Dame,,1865,﻿,﻿,﻿Milwaukee,Milwaukee
﻿lac.wi.0082,﻿school,﻿St. Joseph's Parish School,English,,,,,,﻿La Crosse,﻿La Crosse,﻿WI,,43.805853,-91.236614,,,,,,,,,,﻿student,﻿300 pupils,﻿Conducted by the School Sisters of Notre Dame,,1865,﻿,﻿,﻿Milwaukee,Milwaukee
﻿lac.wi.0082,﻿school,﻿St. Joseph's Select School,English,,﻿Between Van Buren and Biddle streets,,,,﻿Milwaukee,﻿La Crosse,﻿WI,,43.805853,-91.236614,,,,,,,,,,﻿student,﻿118 pupils,﻿Under the direction of the Sisters of Charity,,1865,﻿,﻿,﻿Milwaukee,Milwaukee
﻿lac.wi.0082,﻿female academy,﻿Santa Clara Female Academy,English,﻿It is a considerable boarding school with day scholars.,﻿Between Van Buren and Biddle streets,,﻿Lafayette County,,﻿Benton,﻿La Crosse,﻿WI,,43.805853,-91.236614,,,,,,,,,,﻿student,﻿118 pupils,﻿Under the direction of Dominican Sisters of the Third Order,,1865,﻿,﻿,﻿Milwaukee,Milwaukee
﻿mil.wi.0430,﻿academy,﻿Academy of St. Catharine of Sienna,English,,,,﻿,,﻿Racine,,﻿WI,,,,,,,,﻿Sister,﻿Thomasina,,﻿Directress,,,,﻿Under the direction of Dominican Sisters,,1865,﻿,﻿,﻿Milwaukee,Milwaukee
﻿mil.wi.0430,﻿school,﻿St. Theresa's Day School,English,,,,﻿Ozaukee County,,﻿Port Washington,,﻿WI,,,,,,,,,,,,,﻿student,﻿over 200 pupils,﻿Conducted by Dominican Sisters,,1865,﻿,﻿,﻿Milwaukee,Milwaukee
﻿mil.wi.0262,﻿school,﻿St. Rosa's Free School,English,,"﻿On Van Buren, near Biddle Street",,,﻿Milwaukee County,﻿Milwaukee,,﻿WI,,,,,,,,,,,,,﻿student,﻿97 pupils,﻿Under the charge of Sisters of Charity,,1865,﻿,﻿,﻿Milwaukee,Milwaukee
﻿mil.wi.0262,﻿school,﻿St. John's Day School,English,,"﻿On Van Buren, near Biddle Street",,﻿Jefferson County,﻿Milwaukee County,﻿Jefferson,,﻿WI,,,,,,,,,,,,,﻿student,﻿97 pupils,﻿Conducted by Sisters of the Third Order of St. Francis Seraph,,1865,﻿,﻿,﻿Milwaukee,Milwaukee
﻿mil.wi.0306,﻿school,﻿St. Agnes' School,English,,,,﻿Washington County,﻿Washington County,﻿Barton,﻿Barton,﻿WI,,,,,,,,,,,,,﻿student,﻿59 pupils,﻿Conducted by ladies of St. Agnes' Community,,1865,﻿,﻿,﻿Milwaukee,Milwaukee
﻿mil.wi.0014_02,﻿day school,﻿SS. Peter and Paul's,English,,,,﻿Washington County,,,,﻿WI,,,,,,,,,,,,,,,﻿Conducted by members of St. Agnes' Community,,1865,﻿,﻿,﻿Milwaukee,Milwaukee
﻿mil.wi.0451,﻿day school,﻿St. Anthony's,English,,,,﻿Washington County,,﻿Addison,,﻿WI,,,,,,,,,,,,,,,﻿Conducted by members of St. Agnes' Community,,1865,﻿,﻿,﻿Milwaukee,Milwaukee
﻿mil.wi.0451,﻿day school,﻿St. Anthony's,English,"﻿There are likewise male teachers attached to every Catholic school in the city of Milwaukee, teaching the English and German languages",,,﻿Washington County,,﻿Addison,,﻿WI,,,,,,,,,,,,,,,﻿Conducted by members of St. Agnes' Community,,1865,﻿,﻿,﻿Milwaukee,Milwaukee
﻿mil.wi.0320,﻿hospital,﻿St. Mary's Hospital,English,,﻿On North Point avenue,,﻿,﻿Milwaukee County,﻿Milwaukee,﻿Milwaukee,﻿WI,,,,,,,,﻿Sister,﻿Mary Vincent,,﻿Sister-Servant,,,,﻿Under the charge of Daughters of Charity,,1865,﻿,﻿,﻿Milwaukee,Milwaukee
﻿mil.wi.0321,﻿asylum,﻿St. Emilian's Male Orphan Asylum,English,,,,﻿Milwaukee County,,﻿Nojoshing,,﻿WI,,,,,,,,﻿Sister,﻿Mary,,﻿Directress,,﻿child,﻿53 orphans,﻿Under the care of Sisters of the Third Order of St. Francis Seraph,,1865,﻿,﻿,﻿Milwaukee,Milwaukee
﻿mil.wi.0322_01,﻿asylum,﻿St. Rosa's Female Orphan Asylum,English,,"﻿On Jackson, near Biddle street",,﻿Waukesha,﻿Milwaukee County,﻿Milwaukee,﻿Milwaukee,﻿WI,,,,,,,,﻿Sister,﻿Francis Agnes,,﻿Sister-Servant,,﻿child,﻿98 orphans,﻿Conducted by Daughters of Charity,,1865,﻿,﻿,﻿Milwaukee,Milwaukee
﻿mil.wi.0322_02,﻿asylum,﻿St. Joseph's Asylum,English,,﻿Near St. Mary's Hospital,,,﻿Milwaukee County,,﻿Milwaukee,﻿WI,,,,,,,,,,,,,﻿child,﻿44 small orphans,﻿Managed by the Daughters of Charity,,1865,﻿,﻿,﻿Milwaukee,Milwaukee
﻿mil.wi.0066_02&0066_03,﻿asylum,﻿St. Mary's Orphan Asylum,English,﻿with a day-school,,,﻿Waukesha County,﻿Waukesha County,﻿Elm Grove,﻿Elm Grove,﻿WI,,,,,,,,﻿Sister,﻿Mary Pachomia,,﻿Superioress,,﻿child,﻿36 orphans,﻿Under the direction of nine School Sisters of Notre Dame,,1865,﻿,﻿,﻿Milwaukee,Milwaukee
