instID,church_type,instName,language,instNote,placeName,region,county_orig,county_reg,city_orig,city_reg,state_orig,state_reg,latitude,longitude,attendingInstID,attendingChurch,attendingChurchFrequency,persID,persTitle,persName,persSuffix,persRole,persNote,memberType,member,affiliated,order,year,attendingPersID,attendingChurchNote,diocese,diocese_reg
﻿stp.mn.0001,﻿cathedral,﻿St. Paul's Cathedral,English,"﻿Sunday service at 9 a.m., for the French congregation; at 7 and 10 1/2 a.m. and 3 1/2 p.m., for the English congregation",﻿corner of St. Peter's and Sixth streets--residence of the clergy on the corner of Sixth street and Wabashaw streets,,﻿Ramsey County,﻿Ramsey County,﻿St. Paul,﻿St. Paul,﻿MN,,44.945918,-93.096646,,,,,﻿Very Rev.,﻿Augustine Ravoux,﻿V.G.,,,,,,,1860,﻿,﻿,﻿St. Paul,StPaul
﻿stp.mn.0001,﻿cathedral,﻿St. Paul's Cathedral,English,"﻿Sunday service at 9 a.m., for the French congregation; at 7 and 10 1/2 a.m. and 3 1/2 p.m., for the English congregation",﻿corner of St. Peter's and Sixth streets--residence of the clergy on the corner of Sixth street and Wabashaw streets,,﻿Ramsey County,﻿Ramsey County,﻿St. Paul,﻿St. Paul,﻿MN,,44.945918,-93.096646,,,,,﻿Rev.,﻿A. Oster,,,,,,,,1860,﻿,﻿,﻿St. Paul,StPaul
﻿stp.mn.0001,﻿cathedral,﻿St. Paul's Cathedral,English,"﻿Sunday service at 9 a.m., for the French congregation; at 7 and 10 1/2 a.m. and 3 1/2 p.m., for the English congregation",﻿corner of St. Peter's and Sixth streets--residence of the clergy on the corner of Sixth street and Wabashaw streets,,﻿Ramsey County,﻿Ramsey County,﻿St. Paul,﻿St. Paul,﻿MN,,44.945918,-93.096646,,,,,﻿Rev.,﻿L. E. Cailles,,,,,,,,1860,﻿,﻿,﻿St. Paul,StPaul
﻿stp.mn.0001,﻿cathedral,﻿St. Paul's Cathedral,English,"﻿Sunday service at 9 a.m., for the French congregation; at 7 and 10 1/2 a.m. and 3 1/2 p.m., for the English congregation",﻿corner of St. Peter's and Sixth streets--residence of the clergy on the corner of Sixth street and Wabashaw streets,,﻿Ramsey County,﻿Ramsey County,﻿St. Paul,﻿St. Paul,﻿MN,,44.945918,-93.096646,,,,,﻿Rev.,﻿D. J. Fisher,,,,,,,,1860,﻿,﻿,﻿St. Paul,StPaul
﻿stp.mn.0002,﻿church,﻿Assumption Church,﻿German,"﻿Sunday Service, 7 and 10 a.m., and 3 p.m","﻿Ninth street, between Vine and St. Peter's streets, residence near the church",,,﻿Ramsey County,﻿St. Paul,﻿St. Paul,﻿MN,,44.948525,-93.099707,,,,,﻿Rev.,﻿Demetrius Marogna,﻿O.S.B.,,,,,,,1860,﻿,﻿,﻿St. Paul,StPaul
﻿stp.mn.0002,﻿church,﻿Assumption Church,﻿German,"﻿Sunday Service, 7 and 10 a.m., and 3 p.m","﻿Ninth street, between Vine and St. Peter's streets, residence near the church",,,﻿Ramsey County,﻿St. Paul,﻿St. Paul,﻿MN,,44.948525,-93.099707,,,,,﻿Rev.,﻿Eberhard Gahr,﻿O.S.B.,,,,,,,1860,﻿,﻿,﻿St. Paul,StPaul
﻿stp.mn.0008,﻿church,not recorded,English,,,,﻿Anoka County,﻿Anoka County,﻿Anoka,﻿Anoka,﻿MN,,45.199199,-93.38274,,﻿Visited from Palestine,﻿occasionally,,,,,,,,,,,1860,﻿,﻿,﻿St. Paul,StPaul
﻿stp.mn.0151,﻿church,﻿St. Martin's,English,,,,﻿Scott County,﻿Scott County,﻿Belle Paine,﻿Belle Plaine,﻿MN,,44.623041,-93.768404,,﻿Visited from Shakopee,,,,,,,,﻿families,﻿120 families,,,1860,﻿,﻿,﻿St. Paul,StPaul
﻿stp.mn.0335,﻿church,﻿St. Andrew's,English,,,,﻿Benton County,,﻿Belle Prairie,﻿Belle Prairie,﻿MN,,,,,﻿Visited from Crow Wing,﻿monthly,,,,,,,,,,,1860,﻿,﻿,﻿St. Paul,StPaul
﻿stp.mn.0335,﻿church,﻿St. Andrew's,English,,,,﻿Benton County,,﻿Big Meadow,﻿Belle Prairie,﻿MN,,,,,﻿Attended from St. Cloud,,,,,,,,,,,,1860,﻿,﻿,﻿St. Paul,StPaul
﻿stp.mn.0339,﻿church,not recorded,English,,,,,﻿Goodhue County,﻿Boroak Spring,,﻿MN,,,,,﻿Visited from Wabashaw,,,,,,,,,,,,1860,﻿,﻿,﻿St. Paul,StPaul
﻿stp.mn.0084,﻿church,not recorded,English,,,,﻿Houston County,﻿Houston County,﻿Brownsville,﻿Brownsville,﻿MN,,43.694055,-91.279815,,﻿Visited from Winona or Lacrosse,﻿regularly,,,,,,,,,,,1860,﻿,﻿,﻿St. Paul,StPaul
﻿stp.mn.0084,﻿church,not recorded,English,﻿church is contemplated,﻿Buckly's Settlement,,﻿Olmsted County,﻿Houston County,﻿Brownsville,﻿Brownsville,﻿MN,,43.694055,-91.279815,,﻿Visited from Winona,,,,,,,,,,,,1860,﻿,﻿,﻿St. Paul,StPaul
﻿stp.mn.0082,﻿church,﻿St. Patrick's Church,English,,,,﻿Hennepin County,﻿Hennepin County,﻿Cahill Settlement,﻿Edina,﻿MN,,44.910693,-93.349751,﻿stp.mn.0070,﻿Visited from St. Anthony,﻿regularly,,,,,,,,,,,1860,﻿,﻿,﻿St. Paul,StPaul
﻿stp.mn.0083,﻿church,not recorded,English,﻿church in course of erection,,,﻿Houston County,﻿Houston County,﻿Caledonia,﻿Caledonia,﻿MN,,43.640156,-91.495225,,﻿Visited from Winona,﻿monthly,,,,,,,,,,,1860,﻿,﻿,﻿St. Paul,StPaul
﻿stp.mn.0083,﻿church,not recorded,English,﻿church in contemplation,,,﻿Fillmore County,﻿Houston County,﻿Carlton,﻿Caledonia,﻿MN,,43.640156,-91.495225,,﻿Visited from Winona,,,,,,,,,,,,1860,﻿,﻿,﻿St. Paul,StPaul
﻿stp.mn.0083,﻿church,not recorded,﻿German,﻿church in contemplation,,,﻿Carver County,﻿Houston County,﻿Carver City,﻿Caledonia,﻿MN,,43.640156,-91.495225,,﻿Visited from Shakopee,﻿occasionally,,,,,,,,,,,1860,﻿,﻿,﻿St. Paul,StPaul
﻿stp.mn.0083,﻿church,not recorded,﻿French,﻿church in contemplation,,,﻿Rice County,﻿Houston County,﻿Centertown or Wheatland,﻿Caledonia,﻿MN,,43.640156,-91.495225,,﻿Visited from Faribault or Mendota,﻿occasionally,,,,,,,,,,,1860,﻿,﻿,﻿St. Paul,StPaul
﻿stp.mn.0325,﻿church,not recorded,﻿French,,,,﻿Ramsey County,,﻿Centreville,,﻿MN,,,,,﻿Visited from Little Canada,﻿semi-monthly,,,,,,,,,,,1860,﻿,﻿,﻿St. Paul,StPaul
﻿stp.mn.0020,﻿church,not recorded,﻿German,﻿German Visitation's Church,,,﻿Carver County,﻿Carver County,﻿Charka,﻿Chaska,﻿MN,,44.78516,-93.602783,,﻿Visited from Shakopee,﻿monthly,,,,,,,,,,,1860,﻿,﻿,﻿St. Paul,StPaul
﻿stp.mn.0050,﻿church,not recorded,English,,,,﻿Fillmore County,﻿Fillmore County,﻿Chattfield,﻿Chatfield,﻿MN,,43.841645,-92.189244,,﻿Visited from Winona,﻿occasionally,,,,,,,,,,,1860,﻿,﻿,﻿St. Paul,StPaul
﻿stp.mn.0050,﻿church,﻿St. John the Baptist Church,English,,,,﻿Scott County,﻿Fillmore County,﻿Credit River,﻿Chatfield,﻿MN,,43.841645,-92.189244,,﻿Visited from Mendota,﻿regularly,,,,,,,,,,,1860,﻿,﻿,﻿St. Paul,StPaul
﻿stp.mn.0031,﻿church,﻿St. Francis Xavier's Church,English,﻿Half-breeds and Chippeways congregation,,,﻿Todd County,﻿Crow Wing County,﻿Crow Wing,﻿Crow Wing,﻿MN,,46.279967,-94.2925,,,,﻿fra_x_pierz_001,﻿Rev.,﻿Francis Pierz,,,﻿has care of several missions along the Chippeway Ind'ns,,,,,1860,﻿,﻿,﻿St. Paul,StPaul
﻿stp.mn.0328,﻿church,﻿St. Isidore,﻿French and Irish,,,,﻿Hennepin County,,﻿Dayton,,﻿MN,,,,,﻿Visited from Palestine,﻿monthly,,,,,,,,,,,1860,﻿,﻿,﻿St. Paul,StPaul
﻿stp.mn.0133,﻿church,not recorded,﻿Irish,,,,﻿Rice County,﻿Rice County,﻿East Prairie,,﻿MN,,44.288405,-93.185061,﻿stp.mn.0129,﻿Visited from Faribault,,,,,,,,,,,,1860,﻿,﻿,﻿St. Paul,StPaul
﻿stp.mn.0129,﻿church,﻿Church of Immaculate Conception,"﻿French, Irish, and German",﻿A church is in process of erection,,,﻿Rice County,﻿Rice County,﻿Farribault,﻿Faribault,﻿MN,,44.294964,-93.268827,,,,﻿geo_keller_001,﻿Rev.,﻿George Keller,,,,,,,,1860,﻿,﻿,﻿St. Paul,StPaul
﻿stp.mn.0070,﻿church,﻿St. Anthony of Padua Church,﻿French and Irish,﻿A new fine stone church is in process of erection.,,,﻿Hennepin County,﻿Hennepin County,﻿Falls of St. Anthony,﻿St. Anthony,﻿MN,,45.020891,-93.509457,,,,,﻿Rev.,﻿John Fayolle,,,,,,,,1860,﻿,﻿,﻿St. Paul,StPaul
﻿stp.mn.0071,﻿church,﻿St. Boniface Church,﻿German,,,,,﻿Hennepin County,,﻿St. Anthony,﻿MN,,,,,﻿Visited from St. Paul,﻿monthly,,,,,,,,,,,1860,﻿,﻿,﻿St. Paul,StPaul
﻿stp.mn.0071,﻿church,﻿St. Boniface Church,﻿German,,,,﻿Hennepin County,﻿Hennepin County,﻿Flamburgh,﻿St. Anthony,﻿MN,,,,,﻿Attended from St. Paul,﻿regularly,,,,,,,,,,,1860,﻿,﻿,﻿St. Paul,StPaul
﻿stp.mn.0105,﻿church,not recorded,English,,,,﻿Meeker County,﻿Meeker County,﻿Forrest City,﻿Forest City,﻿MN,,45.206352,-94.46638,﻿stp.mn.0138,﻿Visited from St. Cloud,﻿occasionally,,,,,,,,,,,1860,﻿,﻿,﻿St. Paul,StPaul
﻿stp.mn.0105,﻿church,not recorded,English,,﻿near the Sioux Agency,,﻿Meeker County,﻿Crow Wing County,﻿Fort Ripley,﻿Forest City,﻿MN,,45.206352,-94.46638,,﻿Visited from Mankato,﻿occasionally,,,,,,,,,,,1860,﻿,﻿,﻿St. Paul,StPaul
﻿stp.mn.0273,﻿church,not recorded,English,,﻿near the Chippeway Agency,,,﻿Crow Wing County,﻿Fort Ripley,,﻿MN,,,,﻿stp.mn.0031,﻿Visited from Crow Wing,,,,,,,,,,,,1860,﻿,﻿,﻿St. Paul,StPaul
﻿stp.mn.0174,﻿church,﻿St. Michael's,﻿German,,,,﻿Wright County,﻿Wright County,﻿Frankfort,﻿Frankfort Township,﻿MN,,45.15382,-94.019094,,﻿Visited from St. Paul,﻿monthly,,,,,,,,,,,1860,﻿,﻿,﻿St. Paul,StPaul
﻿stp.mn.0174,﻿church,﻿St. Thomas,﻿German,,,,﻿Blue Earth County,﻿Sibley County,﻿Gessenland,﻿Frankfort Township,﻿MN,,45.15382,-94.019094,,﻿Visited from Mankato,﻿regularly,,,,,,,,,,,1860,﻿,﻿,﻿St. Paul,StPaul
﻿stp.mn.0345,﻿church,not recorded,English,,,,﻿Hennepin County,,﻿Greenwood,,﻿MN,,,,,﻿Visited from Palestine and St. Paul,﻿occasionally,,,,,,,,,,,1860,﻿,﻿,﻿St. Paul,StPaul
﻿stp.mn.0032,﻿church,﻿Guardian Angels,English,﻿A new stone church is in process of erection,,,﻿Dacotah County,﻿Dakota County,﻿Hastings,﻿Hastings,﻿MN,,44.741982,-92.850532,,,,,﻿Rev.,﻿John McMahon,,,,,,,,1860,﻿,﻿,﻿St. Paul,StPaul
﻿stp.mn.0347,﻿church,﻿Church of the Holy Trinity,﻿German,,,,﻿Carver County,,﻿Helvetia,,﻿MN,,,,,﻿Visited from Shakopee,,,,,,,,,,,,1860,﻿,﻿,﻿St. Paul,StPaul
﻿stp.mn.0166,﻿church,not recorded,English,,,,﻿Le Sueur County,,﻿Henderson,﻿Henderson,﻿MN,,44.525987,-93.908159,,﻿Visited from Mankato,,,,,,,,,,,,1860,﻿,﻿,﻿St. Paul,StPaul
﻿stp.mn.0349,﻿church,﻿St. Benedict,﻿German,,﻿Holmes' Mills,,﻿Carver County,,,,﻿MN,,,,,﻿Visited from Shakopee,,,,,,,,,,,,1860,﻿,﻿,﻿St. Paul,StPaul
﻿stp.mn.0155,﻿church,not recorded,English,,,,﻿Scott County,﻿Scott County,﻿Jordan City,﻿Jordan,﻿MN,,44.671195,-93.629429,,﻿Visited from Shakopee,,,,,,,,,,,,1860,﻿,﻿,﻿St. Paul,StPaul
﻿stp.mn.0155,﻿church,not recorded,English,,,,﻿Sibley County,﻿Scott County,﻿Johnstown,﻿Jordan,﻿MN,,44.671195,-93.629429,,﻿Visited from Shakopee or Mendota,﻿occasionally,,,,,,,,,,,1860,﻿,﻿,﻿St. Paul,StPaul
﻿stp.mn.0155,﻿church,not recorded,English,,,,﻿Scott County,﻿Scott County,﻿Kilkenny,﻿Jordan,﻿MN,,44.671195,-93.629429,,,﻿occasionally,,,,,,,,,,,1860,﻿,﻿,﻿St. Paul,StPaul
﻿stp.mn.0351,﻿church,not recorded,English,,,,﻿Houston County,,﻿La Crescent,,﻿MN,,,,,﻿Visited from Winona,﻿occasionally,,,,,,,,,,,1860,﻿,﻿,﻿St. Paul,StPaul
﻿stp.mn.0187,﻿church,not recorded,English,,,,﻿Wabashaw County,﻿Wabashaw County,﻿Lake City,﻿Lake City,﻿MN,,44.449298,-92.266691,﻿stp.mn.0186,﻿Visited from Wabashaw,﻿regularly,,,,,,,,,,,1860,﻿,﻿,﻿St. Paul,StPaul
﻿stp.mn.0352,﻿church,not recorded,English,,,,﻿Waseca County,,﻿Lake Elysion,,﻿MN,,,,,﻿Visited from Farribault,,,,,,,,,,,,1860,﻿,﻿,﻿St. Paul,StPaul
﻿stp.mn.0352,﻿church,not recorded,English,,,,﻿Stearns County,,﻿Lake Henry,,﻿MN,,,,,﻿Attended from St. Joseph,,,,,,,,,,,,1860,﻿,﻿,﻿St. Paul,StPaul
﻿stp.mn.0352,﻿church,not recorded,English,,,,﻿Stearns County,,﻿Lake George,,﻿MN,,,,,﻿Visited from St. Joseph,﻿occasionally,,,,,,,,,,,1860,﻿,﻿,﻿St. Paul,StPaul
﻿stp.mn.0352,﻿church,not recorded,English,,,,﻿Stearns County,,﻿Lake Cedar,,﻿MN,,,,,﻿Visited from Mendota,﻿occasionally,,,,,,,,,,,1860,﻿,﻿,﻿St. Paul,StPaul
﻿stp.mn.0352,﻿church,﻿St. Francis,"﻿French, English, and German",,,,﻿Hennepin County,,﻿Lake Medicine,,﻿MN,,,,,﻿Visited from Palestine and St. Paul,﻿monthly,,,,,,,,,,,1860,﻿,﻿,﻿St. Paul,StPaul
﻿stp.mn.0352,﻿church,﻿St. Francis,"﻿French, English, and German",,,,﻿Hennepin County,,﻿Lake Minnetouka,,﻿MN,,,,,﻿Visited from Shakopee,,,,,,,,,,,,1860,﻿,﻿,﻿St. Paul,StPaul
﻿stp.mn.0284,﻿church,not recorded,English,,,,﻿Washington County,﻿Washington County,﻿Lakeland,,﻿MN,,,,﻿stp.mn.0203,﻿Attended from Stillwater,,,,,,,,,,,,1860,﻿,﻿,﻿St. Paul,StPaul
﻿stp.mn.0038,﻿church,not recorded,English,,,,﻿Dacotah County,﻿Dakota County,﻿Lakeville,﻿Lakeville,﻿MN,,44.649687,-93.24272,,﻿Visited from Mendota,,,,,,,,,,,,1860,﻿,﻿,﻿St. Paul,StPaul
﻿stp.mn.0038,﻿church,not recorded,English,,,,﻿Le Gueur County,﻿Dakota County,﻿Lake Washington,﻿Lakeville,﻿MN,,44.649687,-93.24272,,﻿Visited from Mankato,,,,,,,,,,,,1860,﻿,﻿,﻿St. Paul,StPaul
﻿stp.mn.0038,﻿church,not recorded,English,,,,﻿Mower County,﻿Dakota County,﻿Lansing,﻿Lakeville,﻿MN,,44.649687,-93.24272,,﻿Attended from Winona,,,,,,,,,,,,1860,﻿,﻿,﻿St. Paul,StPaul
﻿stp.mn.0092,﻿church,not recorded,English,,,,﻿Le Sueur County,﻿Le Sueur County,﻿Le Sueur,﻿Le Sueur,﻿MN,,44.459852,-93.911363,,﻿Visited from Mankato,﻿occasionally,,,,,,,,,,,1860,﻿,﻿,﻿St. Paul,StPaul
﻿stp.mn.0098,﻿church,not recorded,English,﻿no church,,,﻿Le Sueur County,﻿Le Sueur County,﻿Lexington,﻿Lexington Township,﻿MN,,44.433144,-93.7232,,﻿Attended from Shakopee,,,,,,,,,,,,1860,﻿,﻿,﻿St. Paul,StPaul
﻿stp.mn.0007,﻿church,﻿St. John Evangelist,English,,,,﻿Ramsay County,﻿Ramsey County,﻿Little Canada,﻿Little Canada,﻿MN,,45.020585,-93.085248,,,,,﻿Rev.,﻿John C. Robert,,,,,,,,1860,﻿,﻿,﻿St. Paul,StPaul
﻿stp.mn.0114,﻿church,not recorded,English,,,,﻿Morrison County,﻿Morrison County,﻿Little Falls,﻿Little Falls,﻿MN,,45.980556,-94.369444,,﻿Attended from Crow-Wing,,,,,,,,,,,,1860,﻿,﻿,﻿St. Paul,StPaul
﻿stp.mn.0114,﻿church,not recorded,English,,,,﻿Scott County,﻿Morrison County,﻿Louisville,﻿Little Falls,﻿MN,,45.980556,-94.369444,,﻿Attended from Shakopee,﻿occasionally,,,,,,,,,,,1860,﻿,﻿,﻿St. Paul,StPaul
﻿stp.mn.0012,﻿church,﻿St. Philip,﻿German and English,﻿stone building,,,﻿Blue Earth County,﻿Blue Earth County,﻿Mankato,﻿Mankato,﻿MN,,44.163578,-93.9994,,,,﻿v_sommereisen_001,﻿Rev.,﻿Valentine Sommereisen,,,,,,,,1860,﻿,﻿,﻿St. Paul,StPaul
﻿stp.mn.0286,﻿church,not recorded,English,,﻿Marine Mills,,﻿Washington County,﻿Washington County,,,﻿MN,,,,﻿stp.mn.0203,﻿Visited from Stillwater,﻿occasionally,,,,,,,,,,,1860,﻿,﻿,﻿St. Paul,StPaul
﻿stp.mn.0286,﻿church,not recorded,English,,﻿Marine Mills,,﻿Sherburne County,﻿Washington County,﻿Marseilles,,﻿MN,,,,,﻿Attended from St. Paul,,,,,,,,,,,,1860,﻿,﻿,﻿St. Paul,StPaul
﻿stp.mn.0354,﻿church,not recorded,English,,,,﻿Wright County,,﻿Marysville,,﻿MN,,,,,﻿Visited from St. Paul,,,,,,,,,,,,1860,﻿,﻿,﻿St. Paul,StPaul
﻿stp.mn.0067,﻿church,not recorded,English,,,,﻿Wabashaw County,﻿Wabasha County,﻿Mazeppa,﻿Mazeppa,﻿MN,,44.274165,-92.54208,,﻿Visited from Wabashaw,,,,,,,,,,,,1860,﻿,﻿,﻿St. Paul,StPaul
﻿stp.mn.0033,﻿church,﻿St. Peter's,﻿English and French,,,,﻿Dacotah County,﻿Dakota County,﻿Mendota,﻿Mendota,﻿MN,,44.885716,-93.168317,,,,﻿c_robert_001,﻿Rev.,﻿J. Cladius Robert,,,,,,,,1860,﻿,﻿,﻿St. Paul,StPaul
﻿stp.mn.0033,﻿church,﻿St. Peter's,﻿English and French,,,,﻿Dacotah County,﻿Dakota County,﻿Mendota,﻿Mendota,﻿MN,,44.885716,-93.168317,,,,,﻿Rev.,﻿Joseph Carrie,,,,,,,,1860,﻿,﻿,﻿St. Paul,StPaul
﻿stp.mn.0072,﻿church,not recorded,English,,,,﻿Hennepin County,﻿Hennepin County,﻿Minneapolis,﻿Minneapolis,﻿MN,,44.977753,-93.265011,,﻿Attended from St. Anthony's Falls,﻿regularly,,,,,,,﻿children,﻿50 children,,,1860,﻿,﻿,﻿St. Paul,StPaul
﻿stp.mn.0072,﻿church,not recorded,English,,,,﻿Scott County,﻿Hennepin County,﻿New Dublin,﻿Minneapolis,﻿MN,,44.977753,-93.265011,,﻿Visited from Mendota,,,,,,,,﻿children,﻿50 children,,,1860,﻿,﻿,﻿St. Paul,StPaul
﻿stp.mn.0035,﻿church,﻿Patronage of B.V.,﻿German,,,,﻿Dacotah County,﻿Dakota County,﻿New-Treves,﻿New Trier,﻿MN,,44.601356,-92.934097,,﻿Visited from Faribault,﻿regularly,,,,,,,,,,,1860,﻿,﻿,﻿St. Paul,StPaul
﻿stp.mn.0017,﻿church,not recorded,﻿German,,,,﻿Blue Earth County,﻿Brown County,﻿New-Ulm,﻿New Ulm,﻿MN,,44.314439,-94.459302,﻿stp.mn.0012,﻿Visited from Mankato,﻿occasionally,,,,,,,,,,,1860,﻿,﻿,﻿St. Paul,StPaul
﻿stp.mn.0017,﻿church,not recorded,﻿German,,,,﻿Dacotah County,﻿Dakota County,﻿Nininger,﻿New Ulm,﻿MN,,44.314439,-94.459302,,﻿Visited from Hastings,﻿occasionally,,,,,,,,,,,1860,﻿,﻿,﻿St. Paul,StPaul
﻿stp.mn.0017,﻿church,not recorded,﻿German,,,,﻿Goodhue County,﻿Dakota County,﻿Oak Spring,﻿New Ulm,﻿MN,,44.314439,-94.459302,,﻿Visited from Hastings,﻿regularly,,,,,,,,,,,1860,﻿,﻿,﻿St. Paul,StPaul
﻿stp.mn.0147,﻿church,not recorded,﻿Irish,,,,﻿Steel County,﻿Steele County,﻿Owatona,﻿Owatonna,﻿MN,,44.08793,-93.226018,﻿stp.mn.0129,﻿Visited from Faribault,﻿occasionally,,,,,,,,,,,1860,﻿,﻿,﻿St. Paul,StPaul
﻿stp.mn.0356,﻿church,﻿Church of the Immaculate Conception,﻿French,,,,﻿Hennepin County,,﻿Palestine,,﻿MN,,,,,,,,﻿Rev.,﻿Francis Hürth,,,,,,,,1860,﻿,﻿,﻿St. Paul,StPaul
﻿stp.mn.0356,﻿church,﻿Church of the Immaculate Conception,﻿French,,,,﻿Wright County,,﻿Pellican Lac,,﻿MN,,,,,﻿Visited from St. Paul,﻿monthly,,,,,,,,,,,1860,﻿,﻿,﻿St. Paul,StPaul
﻿stp.mn.0356,﻿church,﻿St. Joseph's Church of the Assumption,﻿French,,"﻿Pimbina, on the Red River of the North, in the new Territory of Decotah, 30 miles West from Pimbina, Territory of Dacotah, (Half-breeds and Canadians)",,﻿Dacotah County,,﻿Pimbina,,﻿MN,,,,,,,,﻿Rev.,﻿Jos. Goiffou,,,,,,,,1860,﻿,﻿,﻿St. Paul,StPaul
